method,model_name,fusion_type,local_radius,condition,loss_rate,gap_ms,output,cer,estoi,mse,pesq,plcmos,psnr,stoi,wer
concat,av_plc_concat_latent_spectral_v2_frozen_enc_masked_mel_ge_train_no_jitter(grid)_phase_reconstruction_complex_v1,concat,,single_gap,,160,masked_input,0.34479122865960865,0.9331969972711763,0.0515672504901886,3.2601279356479647,3.8202308573722843,23.324713640995743,0.9314541721774351,0.553047619047619
concat,av_plc_concat_latent_spectral_v2_frozen_enc_masked_mel_ge_train_no_jitter(grid)_phase_reconstruction_complex_v1,concat,,single_gap,,160,fused,0.3110544871716003,0.9575309207641991,0.055114479213953016,3.749742552757263,3.799782258892059,22.69700864335168,0.9706696173171294,0.5212857142857142
concat,av_plc_concat_latent_spectral_v2_frozen_enc_masked_mel_ge_train_no_jitter(grid)_phase_reconstruction_complex_v1,concat,,single_gap,,500,masked_input,0.46553965345696363,0.7977093649364708,0.16444931387901307,2.3856501507759096,3.898428497314453,18.112940298156943,0.7871139012845719,0.6662619047619048
concat,av_plc_concat_latent_spectral_v2_frozen_enc_masked_mel_ge_train_no_jitter(grid)_phase_reconstruction_complex_v1,concat,,single_gap,,500,fused,0.34390350829447347,0.8660057925257412,0.07975629746913909,2.8643441557884217,3.2051353747208915,21.349986994358254,0.9179697709592769,0.5544404761904761
concat,av_plc_concat_latent_spectral_v2_frozen_enc_masked_mel_ge_train_no_jitter(grid)_phase_reconstruction_complex_v1,concat,,single_gap,,1000,masked_input,0.6115708147260341,0.5825864398734998,0.3469975459575653,1.6877505447864531,3.7538064712524415,14.763455831926619,0.5644752189691878,0.7704761904761903
concat,av_plc_concat_latent_spectral_v2_frozen_enc_masked_mel_ge_train_no_jitter(grid)_phase_reconstruction_complex_v1,concat,,single_gap,,1000,fused,0.36091187043653716,0.7276207581207482,0.12306349098682404,2.0219192669391632,2.7415994420051573,19.649271595336593,0.8351634172491227,0.5808095238095239
temporal_self_cross_attention,av_plc_temporal_self_cross_attention_latent_spectral_v2_frozen_enc_masked_mel_ge_train_no_jitter(grid)_phase_reconstruction_complex_v1,temporal_self_cross_attention,,single_gap,,160,masked_input,0.3542447072422177,0.9331969972711763,0.0515672504901886,3.2601279356479647,3.8202308573722843,23.324713640995743,0.9314541721774351,0.5635714285714284
temporal_self_cross_attention,av_plc_temporal_self_cross_attention_latent_spectral_v2_frozen_enc_masked_mel_ge_train_no_jitter(grid)_phase_reconstruction_complex_v1,temporal_self_cross_attention,,single_gap,,160,fused,0.31389856195128224,0.9564062287983157,0.05635107040405273,3.7350547902584075,3.7835953165690106,22.586902197043557,0.9699795726096068,0.524952380952381
temporal_self_cross_attention,av_plc_temporal_self_cross_attention_latent_spectral_v2_frozen_enc_masked_mel_ge_train_no_jitter(grid)_phase_reconstruction_complex_v1,temporal_self_cross_attention,,single_gap,,500,masked_input,0.4379135850849169,0.7977093649364708,0.16444931387901307,2.3856501507759096,3.898428497314453,18.112940298156943,0.7871139012845719,0.6422619047619048
temporal_self_cross_attention,av_plc_temporal_self_cross_attention_latent_spectral_v2_frozen_enc_masked_mel_ge_train_no_jitter(grid)_phase_reconstruction_complex_v1,temporal_self_cross_attention,,single_gap,,500,fused,0.34807373783165246,0.8629956906257203,0.0808808919787407,2.838353391170502,3.1927450642426805,21.272125617674146,0.9162193195578334,0.5590119047619048
temporal_self_cross_attention,av_plc_temporal_self_cross_attention_latent_spectral_v2_frozen_enc_masked_mel_ge_train_no_jitter(grid)_phase_reconstruction_complex_v1,temporal_self_cross_attention,,single_gap,,1000,masked_input,0.6119765651914884,0.5825864398734998,0.3469975459575653,1.6877505447864531,3.7538064712524415,14.763455831926619,0.5644752189691878,0.7732380952380952
temporal_self_cross_attention,av_plc_temporal_self_cross_attention_latent_spectral_v2_frozen_enc_masked_mel_ge_train_no_jitter(grid)_phase_reconstruction_complex_v1,temporal_self_cross_attention,,single_gap,,1000,fused,0.3632841336700714,0.7214422902861681,0.1251752519607544,1.9999619781970979,2.7214281676928205,19.567633078051344,0.8320561153216245,0.5821904761904761
global_local_affinity,av_plc_global_local_affinity_latent_spectral_v2_frozen_enc_masked_mel_ge_train_no_jitter(grid)_phase_reconstruction_complex_v1,global_local_affinity,,single_gap,,160,masked_input,0.34095526066624937,0.9331969972711763,0.0515672504901886,3.2601279356479647,3.8202308573722843,23.324713640995743,0.9314541721774351,0.5522857142857143
global_local_affinity,av_plc_global_local_affinity_latent_spectral_v2_frozen_enc_masked_mel_ge_train_no_jitter(grid)_phase_reconstruction_complex_v1,global_local_affinity,,single_gap,,160,fused,0.30994734156746817,0.9536043247354813,0.07080908298492432,3.7195973620414735,3.757239251104991,21.580368317784732,0.9683274173074149,0.5182857142857142
global_local_affinity,av_plc_global_local_affinity_latent_spectral_v2_frozen_enc_masked_mel_ge_train_no_jitter(grid)_phase_reconstruction_complex_v1,global_local_affinity,,single_gap,,500,masked_input,0.4609984203784479,0.7977093649364708,0.16444931387901307,2.3856501507759096,3.898428497314453,18.112940298156943,0.7871139012845719,0.6597857142857142
global_local_affinity,av_plc_global_local_affinity_latent_spectral_v2_frozen_enc_masked_mel_ge_train_no_jitter(grid)_phase_reconstruction_complex_v1,global_local_affinity,,single_gap,,500,fused,0.34412832176845526,0.8638883034392532,0.0927165675163269,2.864145801305771,3.1693683546384173,20.64746283378285,0.9178575510132277,0.5577738095238095
global_local_affinity,av_plc_global_local_affinity_latent_spectral_v2_frozen_enc_masked_mel_ge_train_no_jitter(grid)_phase_reconstruction_complex_v1,global_local_affinity,,single_gap,,1000,masked_input,0.6160636434814866,0.5825864398734998,0.3469975459575653,1.6877505447864531,3.7538064712524415,14.763455831926619,0.5644752189691878,0.7688095238095237
global_local_affinity,av_plc_global_local_affinity_latent_spectral_v2_frozen_enc_masked_mel_ge_train_no_jitter(grid)_phase_reconstruction_complex_v1,global_local_affinity,,single_gap,,1000,fused,0.38143515115409377,0.7256750913387788,0.13010773479938506,2.02755579829216,2.6979957167466484,19.339506551488146,0.8358950645198493,0.6046666666666666
