method,gap_ms,condition,comparison,cer,estoi,mse,pesq,plcmos,psnr,roundtrip_max_abs_error,roundtrip_rmse,roundtrip_snr_db,stoi,stored_phase_circular_mae_rad,wer
oracle,160,D_GT_MEL_GT_PHASE,,0.2975513707446045,0.991827305119781,0.0,4.462536750793457,4.169180847644807,,,,,0.9895796497647663,,0.5077142857142858
oracle,160,E_TRUE_STFT_GT_PHASE,,0.2972352671861883,0.9999999999992237,0.0,4.643887899398804,4.198481041018168,,8.344650268554688e-07,4.344168456782427e-08,128.8315598449707,0.99999999999948,1.7074273700927732e-05,0.5070476190476191
oracle,500,D_GT_MEL_GT_PHASE,,0.2995120099604612,0.9874433202388407,0.0,4.3951758890151975,4.165711113389333,,,,,0.9871142198476389,,0.5084761904761904
oracle,500,E_TRUE_STFT_GT_PHASE,,0.29902623936229916,0.9999999999977335,0.0,4.643887260437012,4.198379439163208,,8.344650268554688e-07,4.344168456782427e-08,128.8315598449707,0.9999999999986093,1.7074273700927732e-05,0.5086666666666666
oracle,1000,D_GT_MEL_GT_PHASE,,0.30842210760644334,0.9858401188370554,0.0,4.351060639858246,4.160378539371491,,,,,0.9886204938663969,,0.5146666666666667
oracle,1000,E_TRUE_STFT_GT_PHASE,,0.29748148062667085,0.9999999999982505,0.0,4.643887076377869,4.198376568349203,,8.344650268554688e-07,4.344168456782427e-08,128.8315598449707,0.9999999999990025,1.7074273700927732e-05,0.5077142857142857
concat,160,A_NO_PHASE_MEL_GRIFFIN_LIM,,0.3075189467217119,0.9558548212383374,0.0497796003818512,3.7528405442237855,4.006326628907521,23.1639288670348,,,,0.9653847890301324,,0.5156190476190475
concat,500,A_NO_PHASE_MEL_GRIFFIN_LIM,,0.32761422572090076,0.8624348882491262,0.07559630697965622,2.9222418529987335,3.7659225310007725,21.663926978810743,,,,0.9103920730964529,,0.5379166666666667
concat,1000,A_NO_PHASE_MEL_GRIFFIN_LIM,,0.3497480722132131,0.7209883377408924,0.12144122219085693,2.0742600524425505,3.3736951485474904,19.786939184146078,,,,0.8245497654652312,,0.5664761904761905
concat,160,A2_PHASE_MODEL_MEL_GRIFFIN_LIM,,0.310088585625204,0.9559841965311584,0.007644632585346698,3.7283260805606844,3.953439325332642,33.6685005557643,,,,0.9663546379181261,,0.5212380952380952
concat,160,B_PHASE_MODEL_MEL_LEARNED_PHASE,,0.3120164827122915,0.9575313414826895,0.007644632585346698,3.7497236704826356,3.8000813207626343,33.6685005557643,,,,0.970669642739479,,0.5217142857142856
concat,160,C_PHASE_MODEL_MEL_GT_PHASE,,0.3082749621472327,0.969941507763902,0.007644632585346698,4.027363158464432,4.092752077325185,33.6685005557643,,,,0.9774645309653859,,0.5185238095238094
concat,500,A2_PHASE_MODEL_MEL_GRIFFIN_LIM,,0.3384706246362146,0.8616203784446765,0.038835119187831876,2.882413922071457,3.600494233385722,26.09558680563006,,,,0.9109929850920804,,0.5508571428571429
concat,500,B_PHASE_MODEL_MEL_LEARNED_PHASE,,0.3477808882136824,0.8660037653967447,0.038835119187831876,2.8646264963150023,3.2066549211819955,26.09558680563006,,,,0.9179687754981727,,0.556392857142857
concat,500,C_PHASE_MODEL_MEL_GT_PHASE,,0.33659495666993605,0.9009320294818898,0.038835119187831876,3.250360394001007,3.742412178293864,26.09558680563006,,,,0.933517192981375,,0.5496785714285715
concat,1000,A2_PHASE_MODEL_MEL_GRIFFIN_LIM,,0.34873660599513717,0.7182990741706949,0.09247389495372772,2.0415519816875456,3.1031032066663107,21.63219136535606,,,,0.8235365918166023,,0.5744761904761903
concat,1000,B_PHASE_MODEL_MEL_LEARNED_PHASE,,0.35965638370881664,0.7276192518370033,0.09247389495372772,2.021704362630844,2.7415842888832094,21.63219136535606,,,,0.8351629003323291,,0.5815238095238096
concat,1000,C_PHASE_MODEL_MEL_GT_PHASE,,0.35290132004172364,0.7934781691907075,0.09247389495372772,2.3896437661647796,3.2310734238306678,21.63219136535606,,,,0.8641776735414303,,0.5687142857142856
temporal_self_cross_attention,160,A_NO_PHASE_MEL_GRIFFIN_LIM,,0.3117466736262416,0.9560569323430662,0.048698867082595826,3.7639041113853455,3.997833052126566,23.244349151283668,,,,0.9652378006454886,,0.5164761904761904
temporal_self_cross_attention,500,A_NO_PHASE_MEL_GRIFFIN_LIM,,0.3333214169322981,0.8610781826925509,0.07554359173774719,2.905948912143707,3.748744072151183,21.65322376136956,,,,0.9091768504249198,,0.5483928571428572
temporal_self_cross_attention,1000,A_NO_PHASE_MEL_GRIFFIN_LIM,,0.3440571588810962,0.7176087500226627,0.12460053277015685,2.0512295820713042,3.3518213703314466,19.678588282468606,,,,0.8219206521894328,,0.5637619047619047
temporal_self_cross_attention,160,A2_PHASE_MODEL_MEL_GRIFFIN_LIM,,0.3138622164388349,0.9554727493862355,0.007760635562241078,3.727832981824875,3.9597353545188896,33.61864159334934,,,,0.9660725618920671,,0.5227142857142856
temporal_self_cross_attention,160,B_PHASE_MODEL_MEL_LEARNED_PHASE,,0.31409322178420296,0.9564070550386682,0.007760635562241078,3.7350848898887636,3.783951523780822,33.61864159334934,,,,0.96998018005289,,0.524
temporal_self_cross_attention,160,C_PHASE_MODEL_MEL_GT_PHASE,,0.3165364317887024,0.969445900085799,0.007760635562241078,4.016000539779663,4.0946427369435625,33.61864159334934,,,,0.9771020238712248,,0.5244761904761903
temporal_self_cross_attention,500,A2_PHASE_MODEL_MEL_GRIFFIN_LIM,,0.34401434796233415,0.8613866051066249,0.03909549525380135,2.8666507844924927,3.6244527414321897,26.095341711964362,,,,0.9107491339827593,,0.5575833333333333
temporal_self_cross_attention,500,B_PHASE_MODEL_MEL_LEARNED_PHASE,,0.3513342797196606,0.862996375554167,0.03909549525380135,2.8383937742710112,3.194715519793829,26.095341711964362,,,,0.9162200702931625,,0.5627261904761904
temporal_self_cross_attention,500,C_PHASE_MODEL_MEL_GT_PHASE,,0.3405421320326055,0.9004208750710829,0.03909549525380135,3.2388141746520995,3.7556463804562883,26.095341711964362,,,,0.932980061344562,,0.5571071428571427
temporal_self_cross_attention,1000,A2_PHASE_MODEL_MEL_GRIFFIN_LIM,,0.36410738319387426,0.7165461566866788,0.09403630286455154,2.029662893295288,3.1447013585567474,21.576030395826155,,,,0.8229488336636435,,0.5842380952380953
temporal_self_cross_attention,1000,B_PHASE_MODEL_MEL_LEARNED_PHASE,,0.3645421445597315,0.7214417469496475,0.09403630286455154,1.9998735783100128,2.7223701452573135,21.576030395826155,,,,0.8320571098284777,,0.5806666666666666
temporal_self_cross_attention,1000,C_PHASE_MODEL_MEL_GT_PHASE,,0.355906193045816,0.7917604467709065,0.09403630286455154,2.370588618516922,3.2536766386349996,21.576030395826155,,,,0.8630973335277328,,0.5738095238095238
global_local_affinity,160,A_NO_PHASE_MEL_GRIFFIN_LIM,,0.3096861826679248,0.9529213547433882,0.0633747854232788,3.7204893970489503,3.9721639393488566,22.082543062728675,,,,0.9639333050565081,,0.5186666666666666
global_local_affinity,500,A_NO_PHASE_MEL_GRIFFIN_LIM,,0.3485710150999518,0.8610474367459541,0.08789462375640869,2.892241018772125,3.6796583480517073,20.943233870826653,,,,0.9110159695917902,,0.5531071428571428
global_local_affinity,1000,A_NO_PHASE_MEL_GRIFFIN_LIM,,0.3643698948690708,0.7188953394829921,0.12946399736404418,2.0430161879062654,3.2149308417479205,19.419303191725437,,,,0.824518308436392,,0.5866666666666667
global_local_affinity,160,A2_PHASE_MODEL_MEL_GRIFFIN_LIM,,0.3108819917398844,0.9519562842589475,0.009154979586601258,3.6787131357192995,3.932262609163919,33.128047088066076,,,,0.9643031080302115,,0.5194285714285714
global_local_affinity,160,B_PHASE_MODEL_MEL_LEARNED_PHASE,,0.31095933078597904,0.9536045162808534,0.009154979586601258,3.719584756851196,3.7563974889755243,33.128047088066076,,,,0.9683271303193312,,0.5196666666666666
global_local_affinity,160,C_PHASE_MODEL_MEL_GT_PHASE,,0.3085450805312641,0.9661619923508181,0.009154979586601258,3.9611842036247253,4.065740602461497,33.128047088066076,,,,0.9747867783367681,,0.5135714285714286
global_local_affinity,500,A2_PHASE_MODEL_MEL_GRIFFIN_LIM,,0.34505554367510266,0.8593995058052759,0.040036623686552045,2.853094601869583,3.5541362751642867,26.05577077813738,,,,0.911134853516408,,0.5585357142857144
global_local_affinity,500,B_PHASE_MODEL_MEL_LEARNED_PHASE,,0.3593688736925155,0.8638874394473217,0.040036623686552045,2.8641126925945284,3.169589108181,26.05577077813738,,,,0.9178566271488664,,0.5681071428571427
global_local_affinity,500,C_PHASE_MODEL_MEL_GT_PHASE,,0.34566002209024077,0.8999139070106967,0.040036623686552045,3.24565700006485,3.696530906613668,26.05577077813738,,,,0.9333378961804141,,0.5572023809523808
global_local_affinity,1000,A2_PHASE_MODEL_MEL_GRIFFIN_LIM,,0.37833711052024765,0.7167967670209099,0.0910744880437851,2.023926418542862,3.018054577970505,21.721527405989928,,,,0.8246542522583507,,0.6021904761904762
global_local_affinity,1000,B_PHASE_MODEL_MEL_LEARNED_PHASE,,0.37900191445354076,0.7256729965109435,0.0910744880437851,2.0275059990882873,2.698157465378444,21.721527405989928,,,,0.8358931175120613,,0.6026666666666667
global_local_affinity,1000,C_PHASE_MODEL_MEL_GT_PHASE,,0.36868707138203466,0.7943536786785705,0.0910744880437851,2.387839061021805,3.142053425852458,21.721527405989928,,,,0.8656623280032227,,0.5913333333333334
