method,gap_ms,error_type,position_bin,position_low,position_high,position_definition,angular_mae_deg,angular_mae_rad,circular_error_mean,count,magnitude_sum,magnitude_weighted_angular_mae_rad,magnitude_weighted_circular_error
concat,160,frequency,0,0.0,0.1,0=first missing frame/left boundary; 1=last missing frame/right boundary,41.27455223192927,0.7203768337335399,0.3545858295778744,256000,72162.8403188179,0.4487735922887076,0.19406181245760892
concat,160,frequency,1,0.1,0.2,0=first missing frame/left boundary; 1=last missing frame/right boundary,41.07935508757402,0.7169700008740503,0.3521356009566225,128000,35573.995484339204,0.4536969412958416,0.19782476578802308
concat,160,frequency,2,0.2,0.3,0=first missing frame/left boundary; 1=last missing frame/right boundary,40.947118459554645,0.7146620363233772,0.3506555988732725,256000,71011.79077211198,0.4402514530781919,0.18843788121428218
concat,160,frequency,3,0.3,0.4,0=first missing frame/left boundary; 1=last missing frame/right boundary,40.87511975106648,0.713405421803075,0.349831240192987,128000,35910.704459238994,0.4495057276304624,0.19376057725969342
concat,160,frequency,4,0.4,0.5,0=first missing frame/left boundary; 1=last missing frame/right boundary,41.02185103079982,0.7159663657500868,0.3518400519567076,256000,74712.935155133,0.44575931188337037,0.19229459534818757
concat,160,frequency,5,0.5,0.6,0=first missing frame/left boundary; 1=last missing frame/right boundary,40.58270510641997,0.7083018234729443,0.3467947140261531,256000,75158.96022334062,0.4383064431444949,0.1897485351436477
concat,160,frequency,6,0.6,0.7,0=first missing frame/left boundary; 1=last missing frame/right boundary,41.072850911646235,0.7168564815889813,0.3522302098236978,128000,37673.666213890974,0.4492674762782694,0.19647888357478016
concat,160,frequency,7,0.7,0.8,0=first missing frame/left boundary; 1=last missing frame/right boundary,40.96063477311099,0.7148979404976673,0.35079339967807754,128000,39005.70718731397,0.43766946838294357,0.18913314661827005
concat,160,frequency,8,0.8,0.9,0=first missing frame/left boundary; 1=last missing frame/right boundary,40.66679879879268,0.7097695352850072,0.34753452681493946,256000,76459.15425992104,0.43397897664603646,0.1870826847282963
concat,160,frequency,9,0.9,1.0,0=first missing frame/left boundary; 1=last missing frame/right boundary,40.56703056347378,0.708028251089788,0.346788750117179,256000,75697.23727607235,0.4325469517194897,0.1853483734320442
concat,160,temporal,0,0.0,0.1,0=first missing frame/left boundary; 1=last missing frame/right boundary,89.91022475639217,1.56922945320716,0.9991067974566651,256486,73594.16463273432,1.5358350817120956,0.9788696374475154
concat,160,temporal,1,0.1,0.2,0=first missing frame/left boundary; 1=last missing frame/right boundary,89.19549104896011,1.5567549967374845,0.9896509035264471,257000,72471.7904182302,1.4925855612921357,0.9465785406043199
concat,160,temporal,2,0.2,0.3,0=first missing frame/left boundary; 1=last missing frame/right boundary,89.05265334148652,1.5542620084460699,0.9880246875439173,128500,36114.82803923047,1.4928690032427074,0.9449511290999211
concat,160,temporal,3,0.3,0.4,0=first missing frame/left boundary; 1=last missing frame/right boundary,89.54244669576585,1.5628105151326313,0.9946264972102318,257000,73511.20537810799,1.505561135876432,0.9538653023793249
concat,160,temporal,4,0.4,0.5,0=first missing frame/left boundary; 1=last missing frame/right boundary,89.72339811298157,1.5659687131491957,0.9965456314977504,128500,37970.18960222593,1.5062074951696323,0.9568801230941499
concat,160,temporal,5,0.5,0.6,0=first missing frame/left boundary; 1=last missing frame/right boundary,89.57895280510681,1.5634476669377242,0.9948750585978597,257000,76392.75094033458,1.5170820706632038,0.966197847051521
concat,160,temporal,6,0.6,0.7,0=first missing frame/left boundary; 1=last missing frame/right boundary,89.5202282424119,1.5624227299669042,0.9941979147840566,128500,38250.01031775196,1.5325570200676368,0.9772126616739657
concat,160,temporal,7,0.7,0.8,0=first missing frame/left boundary; 1=last missing frame/right boundary,89.34918740757229,1.559437504243593,0.9920942085969773,257000,78359.67489116189,1.5266154810603005,0.9727173635463505
concat,160,temporal,8,0.8,0.9,0=first missing frame/left boundary; 1=last missing frame/right boundary,89.2220378579624,1.5572183259604726,0.9899577609885064,128500,38847.89614991819,1.5080313313414215,0.9565547666214118
concat,160,temporal,9,0.9,1.0,0=first missing frame/left boundary; 1=last missing frame/right boundary,89.43114173491138,1.5608678770919173,0.9926597305717172,385500,114728.32791274169,1.527716692914286,0.9711525871518084
concat,160,unit,0,0.0,0.1,0=first missing frame/left boundary; 1=last missing frame/right boundary,90.26766024819953,1.5754678794026837,1.0037675615004065,257000,73411.14859028636,1.5644421217791142,0.9967179347699981
concat,160,unit,1,0.1,0.2,0=first missing frame/left boundary; 1=last missing frame/right boundary,89.82882564764249,1.567808770751289,0.9979423902540355,128500,36175.992218669766,1.5419450010841738,0.9794651274103587
concat,160,unit,2,0.2,0.3,0=first missing frame/left boundary; 1=last missing frame/right boundary,90.17396715363999,1.5738326264162374,1.002556730205215,257000,72229.6561003149,1.5753078743810114,1.0012971700867541
concat,160,unit,3,0.3,0.4,0=first missing frame/left boundary; 1=last missing frame/right boundary,90.24827257758378,1.5751295007161465,1.0034059099960884,128500,36518.02153052264,1.5963473980405818,1.0219433783443412
concat,160,unit,4,0.4,0.5,0=first missing frame/left boundary; 1=last missing frame/right boundary,89.86516448122244,1.5684430030435936,0.9986457585038379,257000,75940.37914983928,1.5624268692398593,0.9924841383629891
concat,160,unit,5,0.5,0.6,0=first missing frame/left boundary; 1=last missing frame/right boundary,89.91222603919982,1.5692643821814172,0.9989807472082891,257000,76355.63405271436,1.5569138934448616,0.9914390712338838
concat,160,unit,6,0.6,0.7,0=first missing frame/left boundary; 1=last missing frame/right boundary,89.76067111053821,1.5666192496786469,0.9965553945544164,128500,38325.91773580473,1.586859568356745,1.0109293212029502
concat,160,unit,7,0.7,0.8,0=first missing frame/left boundary; 1=last missing frame/right boundary,89.71367635188794,1.5657990364090193,0.9964565789755216,128500,39654.356716217124,1.5748424228393818,1.0030086041503878
concat,160,unit,8,0.8,0.9,0=first missing frame/left boundary; 1=last missing frame/right boundary,89.99168660985002,1.5706512307647764,1.000066282019541,257000,77695.7923020281,1.5457639530435454,0.9807992604078447
concat,160,unit,9,0.9,1.0,0=first missing frame/left boundary; 1=last missing frame/right boundary,90.23720894891547,1.5749364039686664,1.0033036951949161,257000,76952.02428924173,1.56658539915056,0.9975843266262568
concat,500,frequency,0,0.0,0.1,0=first missing frame/left boundary; 1=last missing frame/right boundary,40.877381955701836,0.7134449047223159,0.3496399254581891,640000,188393.1480800509,0.4356605227915133,0.18573393477825326
concat,500,frequency,1,0.1,0.2,0=first missing frame/left boundary; 1=last missing frame/right boundary,41.00927627407583,0.7157468948426157,0.3517008596206084,640000,193651.78599362884,0.4376382338111822,0.1883502239577871
concat,500,frequency,2,0.2,0.3,0=first missing frame/left boundary; 1=last missing frame/right boundary,41.07327069796345,0.7168638082423717,0.3519882203779183,640000,191882.70031156077,0.4385621112558735,0.188715958337865
concat,500,frequency,3,0.3,0.4,0=first missing frame/left boundary; 1=last missing frame/right boundary,41.124647324787695,0.7177604995390231,0.35256280962741005,640000,197789.52020706207,0.4437243629245943,0.1903663474629558
concat,500,frequency,4,0.4,0.5,0=first missing frame/left boundary; 1=last missing frame/right boundary,41.03928377199113,0.716270624481523,0.3528179615337402,640000,208252.70598082594,0.43803877509556494,0.18789511410633006
concat,500,frequency,5,0.5,0.6,0=first missing frame/left boundary; 1=last missing frame/right boundary,40.84050228698056,0.7128012330760849,0.3506049800063483,640000,215881.7754382948,0.42135735501826443,0.1820187754623325
concat,500,frequency,6,0.6,0.7,0=first missing frame/left boundary; 1=last missing frame/right boundary,41.049697684898376,0.7164523815497703,0.35309826638503,640000,208613.42020721757,0.4156781063573897,0.17993350763932034
concat,500,frequency,7,0.7,0.8,0=first missing frame/left boundary; 1=last missing frame/right boundary,40.99253914172582,0.715454776775766,0.352140794127807,640000,205649.509738526,0.4308254400786566,0.1859774061613111
concat,500,frequency,8,0.8,0.9,0=first missing frame/left boundary; 1=last missing frame/right boundary,40.93110430056652,0.7143825365220964,0.35148520742701367,640000,204578.43273111846,0.43990096657031863,0.18849668740772094
concat,500,frequency,9,0.9,1.0,0=first missing frame/left boundary; 1=last missing frame/right boundary,40.87414512486765,0.7133884113669293,0.35003764303466306,640000,197301.2915514563,0.44957501620669327,0.1915393537739581
concat,500,temporal,0,0.0,0.1,0=first missing frame/left boundary; 1=last missing frame/right boundary,89.43034431266302,1.560853959448155,0.9927851374438407,770486,230589.41458060924,1.5029490853790546,0.9531791524884586
concat,500,temporal,1,0.1,0.2,0=first missing frame/left boundary; 1=last missing frame/right boundary,89.43300498188148,1.5609003968863235,0.9928552048522674,642500,197235.09867367957,1.489204370374168,0.9414525940289763
concat,500,temporal,2,0.2,0.3,0=first missing frame/left boundary; 1=last missing frame/right boundary,89.34049041770147,1.559285713135335,0.9917749020653476,642500,194879.19141589233,1.4794814319868914,0.9360729806032743
concat,500,temporal,3,0.3,0.4,0=first missing frame/left boundary; 1=last missing frame/right boundary,89.29904518851471,1.5585623574267822,0.9913572760799052,642500,201797.7060052741,1.4849930467513703,0.9403164373080245
concat,500,temporal,4,0.4,0.5,0=first missing frame/left boundary; 1=last missing frame/right boundary,89.64571057974058,1.5646128099063878,0.9957216160172154,514000,168724.29230300788,1.5029428146156314,0.9514298953455606
concat,500,temporal,5,0.5,0.6,0=first missing frame/left boundary; 1=last missing frame/right boundary,89.38566004642612,1.5600740718784836,0.9923577442425234,642500,219283.09634697382,1.4968911926449717,0.9481788658728993
concat,500,temporal,6,0.6,0.7,0=first missing frame/left boundary; 1=last missing frame/right boundary,89.39982441200904,1.5603212866943614,0.9923901227333203,642500,212535.53210408168,1.5132437964401206,0.9617525015357983
concat,500,temporal,7,0.7,0.8,0=first missing frame/left boundary; 1=last missing frame/right boundary,89.27428711516927,1.558130247530454,0.9908596864334804,642500,208613.46321595207,1.4846810932064654,0.9372705618148982
concat,500,temporal,8,0.8,0.9,0=first missing frame/left boundary; 1=last missing frame/right boundary,89.31160110803008,1.5587814995629408,0.9912047007301902,642500,208263.06980000925,1.487865364322668,0.9409613117555723
concat,500,temporal,9,0.9,1.0,0=first missing frame/left boundary; 1=last missing frame/right boundary,89.32307255896025,1.558981714151653,0.9913272619028044,770486,242277.56546329288,1.4837977956823547,0.9382619481657323
concat,500,unit,0,0.0,0.1,0=first missing frame/left boundary; 1=last missing frame/right boundary,89.88547369565151,1.5687974657038746,0.9985279816075522,642500,191651.44329316696,1.5437642162285543,0.9819735368438247
concat,500,unit,1,0.1,0.2,0=first missing frame/left boundary; 1=last missing frame/right boundary,89.99258609444986,1.570666929732615,0.9998077748447077,642500,196757.02629556894,1.5829904317406518,1.0107790357909294
concat,500,unit,2,0.2,0.3,0=first missing frame/left boundary; 1=last missing frame/right boundary,90.00377456811614,1.5708622054363641,1.0002490804724193,642500,195026.3135759281,1.5559331350971592,0.9905618020194937
concat,500,unit,3,0.3,0.4,0=first missing frame/left boundary; 1=last missing frame/right boundary,89.97517966516062,1.570363130230502,0.9999353344515604,642500,200850.58087881765,1.565995148948411,0.9967561151925882
concat,500,unit,4,0.4,0.5,0=first missing frame/left boundary; 1=last missing frame/right boundary,90.13261407424568,1.573110879024968,1.0020074674584987,642500,211232.18553138367,1.5748988248302422,1.004685736425412
concat,500,unit,5,0.5,0.6,0=first missing frame/left boundary; 1=last missing frame/right boundary,89.7945661082817,1.5672108289892268,0.9972993446017053,642500,218893.01972967712,1.5323696104046323,0.9722723053359361
concat,500,unit,6,0.6,0.7,0=first missing frame/left boundary; 1=last missing frame/right boundary,90.04606749128307,1.57160035619592,1.000854726524483,642500,211879.30824878422,1.5455373401313226,0.9813631420501061
concat,500,unit,7,0.7,0.8,0=first missing frame/left boundary; 1=last missing frame/right boundary,89.9664105732336,1.5702100807039656,0.9995536314652588,642500,209004.40086687118,1.5526730659811785,0.9862193900291872
concat,500,unit,8,0.8,0.9,0=first missing frame/left boundary; 1=last missing frame/right boundary,89.9419913208618,1.569783884349202,0.9993410214528963,642500,207872.51439762206,1.5695116844401407,0.9996281605989611
concat,500,unit,9,0.9,1.0,0=first missing frame/left boundary; 1=last missing frame/right boundary,89.79852515406255,1.5672799273733398,0.9974618033703199,642500,200584.99342206446,1.5532442810851648,0.9875260289935208
concat,1000,frequency,0,0.0,0.1,0=first missing frame/left boundary; 1=last missing frame/right boundary,41.63793722172021,0.7267190982577179,0.3585510653323494,1280000,485472.1165072321,0.4419839314996325,0.18970256310432076
concat,1000,frequency,1,0.1,0.2,0=first missing frame/left boundary; 1=last missing frame/right boundary,41.66119005549875,0.7271249367675724,0.35967352977725675,1280000,497875.12205914105,0.44047131339186213,0.1891300051893623
concat,1000,frequency,2,0.2,0.3,0=first missing frame/left boundary; 1=last missing frame/right boundary,41.33675483018991,0.7214624738764834,0.35565525881783105,1280000,513404.10706713377,0.4355673986665313,0.18724655758395953
concat,1000,frequency,3,0.3,0.4,0=first missing frame/left boundary; 1=last missing frame/right boundary,41.21944905119424,0.7194151018013921,0.3545747892099898,1280000,506107.76136359014,0.4386938363365864,0.18854495376129754
concat,1000,frequency,4,0.4,0.5,0=first missing frame/left boundary; 1=last missing frame/right boundary,41.049170560232504,0.7164431814887824,0.3526204126987141,1280000,522733.5666863089,0.43642930812135117,0.1881298305994062
concat,1000,frequency,5,0.5,0.6,0=first missing frame/left boundary; 1=last missing frame/right boundary,41.09024503648421,0.7171600663379071,0.35356054315799845,1280000,467165.74130813626,0.438079683513377,0.18842780383803784
concat,1000,frequency,6,0.6,0.7,0=first missing frame/left boundary; 1=last missing frame/right boundary,40.88605665944941,0.7135963068643462,0.35070889070970007,1280000,409209.4757714203,0.4364843956827212,0.18826952592035637
concat,1000,frequency,7,0.7,0.8,0=first missing frame/left boundary; 1=last missing frame/right boundary,40.57484242633532,0.7081645938174362,0.3464339623873588,1280000,376578.0115323525,0.44011604758516837,0.18954847912974163
concat,1000,frequency,8,0.8,0.9,0=first missing frame/left boundary; 1=last missing frame/right boundary,40.474657601810605,0.7064160387689471,0.3465833428511862,1280000,369506.30001918966,0.4423169241911223,0.19200604878610905
concat,1000,frequency,9,0.9,1.0,0=first missing frame/left boundary; 1=last missing frame/right boundary,40.21212271230151,0.7018339405456538,0.34265375710944646,1280000,330931.6203713179,0.4482173137923034,0.19223770860781855
concat,1000,temporal,0,0.0,0.1,0=first missing frame/left boundary; 1=last missing frame/right boundary,89.42266213701973,1.560719880189463,0.99273972521315,1413243,543350.381390442,1.5134053483834895,0.9612311341794961
concat,1000,temporal,1,0.1,0.2,0=first missing frame/left boundary; 1=last missing frame/right boundary,89.25185541595216,1.5577387405222984,0.9905597742261126,1285000,504896.00123136624,1.5033035442325913,0.9546046414516667
concat,1000,temporal,2,0.2,0.3,0=first missing frame/left boundary; 1=last missing frame/right boundary,89.26377084346866,1.557946703964244,0.9907287650014176,1285000,520979.34458903235,1.4989318587859337,0.9513236773820599
concat,1000,temporal,3,0.3,0.4,0=first missing frame/left boundary; 1=last missing frame/right boundary,89.53204078901413,1.5626288977981582,0.9943847819010108,1285000,513305.2598493913,1.508818355087738,0.9585309057169445
concat,1000,temporal,4,0.4,0.5,0=first missing frame/left boundary; 1=last missing frame/right boundary,89.53834594734363,1.5627389435708678,0.9942412477111178,1156500,477816.77236765524,1.5268683682682518,0.9703891345711574
concat,1000,temporal,5,0.5,0.6,0=first missing frame/left boundary; 1=last missing frame/right boundary,89.35945574171669,1.5596167204831077,0.9919547477902605,1285000,477179.12420524284,1.4786958080700043,0.9343231578472858
concat,1000,temporal,6,0.6,0.7,0=first missing frame/left boundary; 1=last missing frame/right boundary,89.36986154733383,1.5597983360524494,0.9921223828601929,1285000,418765.3565306736,1.4772529562645444,0.933120732000892
concat,1000,temporal,7,0.7,0.8,0=first missing frame/left boundary; 1=last missing frame/right boundary,89.42975304753979,1.5608436399250025,0.9927997907074972,1285000,383006.47471449315,1.4860725190974269,0.9393082422457169
concat,1000,temporal,8,0.8,0.9,0=first missing frame/left boundary; 1=last missing frame/right boundary,89.09373881872814,1.5549790852986896,0.9883225105607556,1285000,375334.26069490286,1.4324468925597247,0.8982944218733603
concat,1000,temporal,9,0.9,1.0,0=first missing frame/left boundary; 1=last missing frame/right boundary,89.29397087145023,1.5584737938867168,0.9911511091913147,1413500,370326.59801943094,1.4652070789653844,0.9239944668044835
concat,1000,unit,0,0.0,0.1,0=first missing frame/left boundary; 1=last missing frame/right boundary,89.91474982952164,1.5693084306321625,0.9990427689970235,1285000,492755.3946666116,1.555000380231078,0.990646632704554
concat,1000,unit,1,0.1,0.2,0=first missing frame/left boundary; 1=last missing frame/right boundary,90.01717917116396,1.5710961598944715,1.0001369986823097,1285000,504973.70404714637,1.5673271281878052,0.9964980909751731
concat,1000,unit,2,0.2,0.3,0=first missing frame/left boundary; 1=last missing frame/right boundary,89.9709126377529,1.5702886565529643,0.9996838555958485,1285000,520486.32118603546,1.5651923708162432,0.9963395899423619
concat,1000,unit,3,0.3,0.4,0=first missing frame/left boundary; 1=last missing frame/right boundary,90.11550098115976,1.5728121992054183,1.001643265322906,1285000,512952.8252566711,1.567710742610867,0.9983692233437824
concat,1000,unit,4,0.4,0.5,0=first missing frame/left boundary; 1=last missing frame/right boundary,90.12054176643909,1.5729001775054285,1.0016875290075165,1285000,529335.3323621757,1.5683557379908397,0.9982795526248525
concat,1000,unit,5,0.5,0.6,0=first missing frame/left boundary; 1=last missing frame/right boundary,90.04176111589538,1.571525195766578,1.0006401789105819,1285000,474090.0990060214,1.571011103060321,1.0007361293709338
concat,1000,unit,6,0.6,0.7,0=first missing frame/left boundary; 1=last missing frame/right boundary,89.89622424461265,1.5689850981796432,0.9986027679564424,1285000,415745.42217155447,1.5603792255094298,0.9925613355768614
concat,1000,unit,7,0.7,0.8,0=first missing frame/left boundary; 1=last missing frame/right boundary,89.99522137819118,1.5707129241106248,0.999958023994674,1285000,382584.2429246708,1.551522770766127,0.9856225005166338
concat,1000,unit,8,0.8,0.9,0=first missing frame/left boundary; 1=last missing frame/right boundary,89.87448699696105,1.5686057116378012,0.9984981252228704,1285000,375500.13632652257,1.5576961095935176,0.9900390887022711
concat,1000,unit,9,0.9,1.0,0=first missing frame/left boundary; 1=last missing frame/right boundary,89.81921835720651,1.5676410919009858,0.9976638330101967,1285000,336487.0295654623,1.5492467639352914,0.9839208880918918
global_local_affinity,160,frequency,0,0.0,0.1,0=first missing frame/left boundary; 1=last missing frame/right boundary,41.53837515408597,0.7249814123674071,0.3572711374887731,256000,72162.8403188179,0.5183525303686952,0.2402099770325335
global_local_affinity,160,frequency,1,0.1,0.2,0=first missing frame/left boundary; 1=last missing frame/right boundary,41.371671142050204,0.7220718784810987,0.35490427583130074,128000,35573.995484339204,0.5133078071579599,0.2363436343710716
global_local_affinity,160,frequency,2,0.2,0.3,0=first missing frame/left boundary; 1=last missing frame/right boundary,41.22067694408387,0.719436532575178,0.3534098192057572,256000,71011.79077211198,0.4976509773343667,0.2265178774590561
global_local_affinity,160,frequency,3,0.3,0.4,0=first missing frame/left boundary; 1=last missing frame/right boundary,41.10524904883616,0.7174219357544583,0.35235555601119994,128000,35910.704459238994,0.49456714751939473,0.22449880392142751
global_local_affinity,160,frequency,4,0.4,0.5,0=first missing frame/left boundary; 1=last missing frame/right boundary,41.27065226635231,0.7203087664935075,0.3543175283134915,256000,74712.935155133,0.5050803672687041,0.23068930252360595
global_local_affinity,160,frequency,5,0.5,0.6,0=first missing frame/left boundary; 1=last missing frame/right boundary,40.857801394670034,0.7131031594629232,0.349676204477204,256000,75158.96022334062,0.5043546728015009,0.23278847787613807
global_local_affinity,160,frequency,6,0.6,0.7,0=first missing frame/left boundary; 1=last missing frame/right boundary,41.29126579376003,0.7206685404172224,0.3546988115892746,128000,37673.666213890974,0.5121848837284322,0.23732485447466417
global_local_affinity,160,frequency,7,0.7,0.8,0=first missing frame/left boundary; 1=last missing frame/right boundary,41.23359413453473,0.7196619800786526,0.3535963621577248,128000,39005.70718731397,0.5062528407074979,0.2334872714135247
global_local_affinity,160,frequency,8,0.8,0.9,0=first missing frame/left boundary; 1=last missing frame/right boundary,40.97706152849197,0.715184641464485,0.3506684121431317,256000,76459.15425992104,0.5082836971752229,0.23727818241386997
global_local_affinity,160,frequency,9,0.9,1.0,0=first missing frame/left boundary; 1=last missing frame/right boundary,40.924281982421256,0.7142634646078431,0.35072241139225663,256000,75697.23727607235,0.5040938581872242,0.2335612349754981
global_local_affinity,160,temporal,0,0.0,0.1,0=first missing frame/left boundary; 1=last missing frame/right boundary,89.92200652257178,1.5694350838186943,0.9989765918254481,256486,73594.16463273432,1.5481250760040315,0.9873940339044941
global_local_affinity,160,temporal,1,0.1,0.2,0=first missing frame/left boundary; 1=last missing frame/right boundary,89.18159731512901,1.5565125053367361,0.9894141037178874,257000,72471.7904182302,1.49481733778905,0.9475200465995206
global_local_affinity,160,temporal,2,0.2,0.3,0=first missing frame/left boundary; 1=last missing frame/right boundary,89.05937049590506,1.5543792449070382,0.9881432943988867,128500,36114.82803923047,1.4947138780478837,0.94589633827532
global_local_affinity,160,temporal,3,0.3,0.4,0=first missing frame/left boundary; 1=last missing frame/right boundary,89.52916855467862,1.5625787678521148,0.9943849514848063,257000,73511.20537810799,1.5044369664190733,0.9525889430527571
global_local_affinity,160,temporal,4,0.4,0.5,0=first missing frame/left boundary; 1=last missing frame/right boundary,89.67523143563407,1.565128046039736,0.9959753225619691,128500,37970.18960222593,1.5087449528180255,0.9588946834222107
global_local_affinity,160,temporal,5,0.5,0.6,0=first missing frame/left boundary; 1=last missing frame/right boundary,89.5569858824421,1.5630642718106942,0.9946284230754997,257000,76392.75094033458,1.5187297295766857,0.9667210755805606
global_local_affinity,160,temporal,6,0.6,0.7,0=first missing frame/left boundary; 1=last missing frame/right boundary,89.48738747803381,1.5618495504996348,0.9937925745661621,128500,38250.01031775196,1.5353482751655199,0.9783692334920184
global_local_affinity,160,temporal,7,0.7,0.8,0=first missing frame/left boundary; 1=last missing frame/right boundary,89.35478745686507,1.5595352435420262,0.9921688059447804,257000,78359.67489116189,1.528147718674382,0.9732957771737996
global_local_affinity,160,temporal,8,0.8,0.9,0=first missing frame/left boundary; 1=last missing frame/right boundary,89.20793241339688,1.5569721395103469,0.9896558768846645,128500,38847.89614991819,1.5108230711672026,0.9582855833563595
global_local_affinity,160,temporal,9,0.9,1.0,0=first missing frame/left boundary; 1=last missing frame/right boundary,89.41434333113615,1.56057468963696,0.992407929898236,385500,114728.32791274169,1.530329403960974,0.9730463421855842
global_local_affinity,160,unit,0,0.0,0.1,0=first missing frame/left boundary; 1=last missing frame/right boundary,90.4505345365156,1.5786596378510402,1.0061613078639202,257000,73411.14859028636,1.5889516572970936,1.0145023860438829
global_local_affinity,160,unit,1,0.1,0.2,0=first missing frame/left boundary; 1=last missing frame/right boundary,89.82140940463675,1.5676793328927108,0.997498128032406,128500,36175.992218669766,1.548759347823358,0.9830349160345995
global_local_affinity,160,unit,2,0.2,0.3,0=first missing frame/left boundary; 1=last missing frame/right boundary,89.94135981859813,1.5697728625554672,0.9993971166875112,257000,72229.6561003149,1.5783176886626316,1.0065885320879353
global_local_affinity,160,unit,3,0.3,0.4,0=first missing frame/left boundary; 1=last missing frame/right boundary,89.79714366454387,1.5672558158326568,0.9969150315852481,128500,36518.02153052264,1.6013012806862652,1.0249449033705302
global_local_affinity,160,unit,4,0.4,0.5,0=first missing frame/left boundary; 1=last missing frame/right boundary,89.93882247793444,1.569728577606641,0.9994396329888574,257000,75940.37914983928,1.572871323710917,1.0027435652581087
global_local_affinity,160,unit,5,0.5,0.6,0=first missing frame/left boundary; 1=last missing frame/right boundary,90.13822463864253,1.573208801846588,1.0020349012504293,257000,76355.63405271436,1.6000712090254172,1.0236202261088079
global_local_affinity,160,unit,6,0.6,0.7,0=first missing frame/left boundary; 1=last missing frame/right boundary,89.82186527468622,1.5676872893260354,0.9977894680031543,128500,38325.91773580473,1.5778242673441667,1.0040503934051344
global_local_affinity,160,unit,7,0.7,0.8,0=first missing frame/left boundary; 1=last missing frame/right boundary,90.12516382644502,1.572980847670757,1.0017731659375275,128500,39654.356716217124,1.553129087171991,0.9889520399463385
global_local_affinity,160,unit,8,0.8,0.9,0=first missing frame/left boundary; 1=last missing frame/right boundary,89.85505634408041,1.568266582769222,0.9978861119740204,257000,77695.7923020281,1.538947021624865,0.9777395230091889
global_local_affinity,160,unit,9,0.9,1.0,0=first missing frame/left boundary; 1=last missing frame/right boundary,89.97732219422775,1.570400524417043,0.999769511519471,257000,76952.02428924173,1.5746461043646502,1.0046920299659097
global_local_affinity,500,frequency,0,0.0,0.1,0=first missing frame/left boundary; 1=last missing frame/right boundary,41.17523174644448,0.7186433642471513,0.35286421422753483,640000,188393.1480800509,0.4982251022040497,0.22755335188553327
global_local_affinity,500,frequency,1,0.1,0.2,0=first missing frame/left boundary; 1=last missing frame/right boundary,41.29304517538987,0.7206995964853126,0.35481604015138,640000,193651.78599362884,0.501941740531949,0.23197729772438203
global_local_affinity,500,frequency,2,0.2,0.3,0=first missing frame/left boundary; 1=last missing frame/right boundary,41.323776295979584,0.7212359557224305,0.354823906189017,640000,191882.70031156077,0.5092296056589766,0.23520757720574964
global_local_affinity,500,frequency,3,0.3,0.4,0=first missing frame/left boundary; 1=last missing frame/right boundary,41.39424760980307,0.7224659121768565,0.3555102649848908,640000,197789.52020706207,0.5097842380868518,0.2340436001315177
global_local_affinity,500,frequency,4,0.4,0.5,0=first missing frame/left boundary; 1=last missing frame/right boundary,41.32608297666445,0.7212762148951737,0.35600102629475294,640000,208252.70598082594,0.5068522795123409,0.23312900418869875
global_local_affinity,500,frequency,5,0.5,0.6,0=first missing frame/left boundary; 1=last missing frame/right boundary,41.14135570352878,0.7180521157607253,0.3537881262531504,640000,215881.7754382948,0.49731942592948913,0.23200199615114786
global_local_affinity,500,frequency,6,0.6,0.7,0=first missing frame/left boundary; 1=last missing frame/right boundary,41.29700193117748,0.7207686549015038,0.35583217903608455,640000,208613.42020721757,0.49095089092177957,0.22905189320207137
global_local_affinity,500,frequency,7,0.7,0.8,0=first missing frame/left boundary; 1=last missing frame/right boundary,41.291225421166665,0.7206678357825406,0.3552080356803723,640000,205649.509738526,0.5009915114821117,0.2325004980517652
global_local_affinity,500,frequency,8,0.8,0.9,0=first missing frame/left boundary; 1=last missing frame/right boundary,41.26775832068525,0.7202582576132437,0.35508047709595414,640000,204578.43273111846,0.5077647120706811,0.233235385627294
global_local_affinity,500,frequency,9,0.9,1.0,0=first missing frame/left boundary; 1=last missing frame/right boundary,41.16285695104052,0.7184273833230914,0.3531191728400998,640000,197301.2915514563,0.5143575403801256,0.23523156568256517
global_local_affinity,500,temporal,0,0.0,0.1,0=first missing frame/left boundary; 1=last missing frame/right boundary,89.3684848084765,1.5597743074264487,0.991929383270024,770486,230589.41458060924,1.4992938833724612,0.9503617320117053
global_local_affinity,500,temporal,1,0.1,0.2,0=first missing frame/left boundary; 1=last missing frame/right boundary,89.43336420108842,1.5609066664442213,0.9928698253553665,642500,197235.09867367957,1.491107299971022,0.943076067033785
global_local_affinity,500,temporal,2,0.2,0.3,0=first missing frame/left boundary; 1=last missing frame/right boundary,89.35862115199953,1.55960215414464,0.9920247789541571,642500,194879.19141589233,1.4803297840008407,0.9365459633730555
global_local_affinity,500,temporal,3,0.3,0.4,0=first missing frame/left boundary; 1=last missing frame/right boundary,89.30854442866723,1.5587281504438812,0.9914427835137928,642500,201797.7060052741,1.486345376342795,0.9412734210026483
global_local_affinity,500,temporal,4,0.4,0.5,0=first missing frame/left boundary; 1=last missing frame/right boundary,89.6218390023445,1.5641961722831814,0.995416023902856,514000,168724.29230300788,1.502622101972799,0.9513609791290786
global_local_affinity,500,temporal,5,0.5,0.6,0=first missing frame/left boundary; 1=last missing frame/right boundary,89.39921644698465,1.560310675702949,0.9925285538991602,642500,219283.09634697382,1.5001465172081778,0.9507475995660007
global_local_affinity,500,temporal,6,0.6,0.7,0=first missing frame/left boundary; 1=last missing frame/right boundary,89.39142584229523,1.560174704000397,0.9921859051417747,642500,212535.53210408168,1.516139314438,0.9634286420282584
global_local_affinity,500,temporal,7,0.7,0.8,0=first missing frame/left boundary; 1=last missing frame/right boundary,89.28968477179394,1.558398987335646,0.9910302304372713,642500,208613.46321595207,1.4845903499198108,0.9373597101424123
global_local_affinity,500,temporal,8,0.8,0.9,0=first missing frame/left boundary; 1=last missing frame/right boundary,89.29555839427027,1.558501501386877,0.9909973403516911,642500,208263.06980000925,1.488191393183829,0.9408475742440676
global_local_affinity,500,temporal,9,0.9,1.0,0=first missing frame/left boundary; 1=last missing frame/right boundary,89.25757565872271,1.557838577592658,0.9903409317947044,770486,242277.56546329288,1.4846177327626409,0.938519088453295
global_local_affinity,500,unit,0,0.0,0.1,0=first missing frame/left boundary; 1=last missing frame/right boundary,89.77023367218862,1.5667861478643716,0.9970895911502468,642500,191651.44329316696,1.5552157173481074,0.991263031636945
global_local_affinity,500,unit,1,0.1,0.2,0=first missing frame/left boundary; 1=last missing frame/right boundary,89.9325008168508,1.5696182438065363,0.9993006175154378,642500,196757.02629556894,1.5590166708057136,0.99250863692372
global_local_affinity,500,unit,2,0.2,0.3,0=first missing frame/left boundary; 1=last missing frame/right boundary,90.14732338157974,1.5733676048686351,1.0019727717481235,642500,195026.3135759281,1.5763156541707295,1.0060089292301022
global_local_affinity,500,unit,3,0.3,0.4,0=first missing frame/left boundary; 1=last missing frame/right boundary,89.94140878873806,1.5697737172456443,0.999210737156868,642500,200850.58087881765,1.5774399523486973,1.005318472043879
global_local_affinity,500,unit,4,0.4,0.5,0=first missing frame/left boundary; 1=last missing frame/right boundary,89.93919505949252,1.5697350803815617,0.9991822742285895,642500,211232.18553138367,1.555829385930831,0.9893811031220898
global_local_affinity,500,unit,5,0.5,0.6,0=first missing frame/left boundary; 1=last missing frame/right boundary,89.71186928783958,1.5657674971915811,0.996198059438082,642500,218893.01972967712,1.5435259092715297,0.9807505736268828
global_local_affinity,500,unit,6,0.6,0.7,0=first missing frame/left boundary; 1=last missing frame/right boundary,90.22961333037176,1.5748038354163534,1.0031922271930753,642500,211879.30824878422,1.588707002292533,1.0140637207303322
global_local_affinity,500,unit,7,0.7,0.8,0=first missing frame/left boundary; 1=last missing frame/right boundary,89.94396761936964,1.5698183772651662,0.9991603955679831,642500,209004.40086687118,1.5489516695760135,0.9829663061856236
global_local_affinity,500,unit,8,0.8,0.9,0=first missing frame/left boundary; 1=last missing frame/right boundary,89.9512192234236,1.5699449416319589,0.9991319918158453,642500,207872.51439762206,1.5779148051103276,1.0056417739651589
global_local_affinity,500,unit,9,0.9,1.0,0=first missing frame/left boundary; 1=last missing frame/right boundary,89.87650128518665,1.5686408675994221,0.9983836111599369,642500,200584.99342206446,1.5600861076830288,0.9926700636475331
global_local_affinity,1000,frequency,0,0.0,0.1,0=first missing frame/left boundary; 1=last missing frame/right boundary,41.994515385943224,0.7329425612641266,0.362456916479161,1280000,485472.1165072321,0.5106522396883427,0.2354393468395083
global_local_affinity,1000,frequency,1,0.1,0.2,0=first missing frame/left boundary; 1=last missing frame/right boundary,42.01866284038006,0.7333640138500247,0.36380161704905334,1280000,497875.12205914105,0.5113775716587702,0.23591183089964543
global_local_affinity,1000,frequency,2,0.2,0.3,0=first missing frame/left boundary; 1=last missing frame/right boundary,41.68397296946403,0.727522573629465,0.35962356503084303,1280000,513404.10706713377,0.5054233184517355,0.2331959844658835
global_local_affinity,1000,frequency,3,0.3,0.4,0=first missing frame/left boundary; 1=last missing frame/right boundary,41.588174749447184,0.7258505792726211,0.3585824328451883,1280000,506107.76136359014,0.5156537382847022,0.2391582918689262
global_local_affinity,1000,frequency,4,0.4,0.5,0=first missing frame/left boundary; 1=last missing frame/right boundary,41.44593297415829,0.7233679919599479,0.3569975142860785,1280000,522733.5666863089,0.5130802148697513,0.23795454208000877
global_local_affinity,1000,frequency,5,0.5,0.6,0=first missing frame/left boundary; 1=last missing frame/right boundary,41.48518768775544,0.7240531159591457,0.35789116737074217,1280000,467165.74130813626,0.5172938383926212,0.24064524875201945
global_local_affinity,1000,frequency,6,0.6,0.7,0=first missing frame/left boundary; 1=last missing frame/right boundary,41.24811654131712,0.7199154438923194,0.3545821823517792,1280000,409209.4757714203,0.5135360852881198,0.23725802394146206
global_local_affinity,1000,frequency,7,0.7,0.8,0=first missing frame/left boundary; 1=last missing frame/right boundary,40.910690783054285,0.7140262534295945,0.35015492961932904,1280000,376578.0115323525,0.5164201368854449,0.23890775214320636
global_local_affinity,1000,frequency,8,0.8,0.9,0=first missing frame/left boundary; 1=last missing frame/right boundary,40.78690791855481,0.7118658348865287,0.3497903200112749,1280000,369506.30001918966,0.5149104893878509,0.23911563110775755
global_local_affinity,1000,frequency,9,0.9,1.0,0=first missing frame/left boundary; 1=last missing frame/right boundary,40.57304018099566,0.7081331387023303,0.3465381060327403,1280000,330931.6203713179,0.5244432797046568,0.24093811035006948
global_local_affinity,1000,temporal,0,0.0,0.1,0=first missing frame/left boundary; 1=last missing frame/right boundary,89.41424878894323,1.5605730395644115,0.9925963019835434,1413243,543350.381390442,1.5107339484634972,0.959169352117768
global_local_affinity,1000,temporal,1,0.1,0.2,0=first missing frame/left boundary; 1=last missing frame/right boundary,89.25173967319863,1.557736720430164,0.9905538016055808,1285000,504896.00123136624,1.5044549231160922,0.9553109267258384
global_local_affinity,1000,temporal,2,0.2,0.3,0=first missing frame/left boundary; 1=last missing frame/right boundary,89.27193265054834,1.5580891543706967,0.9908221570662488,1285000,520979.34458903235,1.4989352585723357,0.9510888290136096
global_local_affinity,1000,temporal,3,0.3,0.4,0=first missing frame/left boundary; 1=last missing frame/right boundary,89.52491764937594,1.5625045755583926,0.9942892800290761,1285000,513305.2598493913,1.510923178827587,0.9602031748427333
global_local_affinity,1000,temporal,4,0.4,0.5,0=first missing frame/left boundary; 1=last missing frame/right boundary,89.49463828175364,1.5619761008979616,0.9936010869963057,1156500,477816.77236765524,1.5275028058028473,0.9708039133102986
global_local_affinity,1000,temporal,5,0.5,0.6,0=first missing frame/left boundary; 1=last missing frame/right boundary,89.35315047110537,1.559506672750711,0.9919219841043309,1285000,477179.12420524284,1.4799319565038036,0.935345392010119
global_local_affinity,1000,temporal,6,0.6,0.7,0=first missing frame/left boundary; 1=last missing frame/right boundary,89.3675786891601,1.5597584926609616,0.9920880830515684,1285000,418765.3565306736,1.4781658225815941,0.9338479626173155
global_local_affinity,1000,temporal,7,0.7,0.8,0=first missing frame/left boundary; 1=last missing frame/right boundary,89.42477575895337,1.5607567698513474,0.9927017714728641,1285000,383006.47471449315,1.4858975221442203,0.9388528273984638
global_local_affinity,1000,temporal,8,0.8,0.9,0=first missing frame/left boundary; 1=last missing frame/right boundary,89.08312210752143,1.554793788732399,0.988187503774899,1285000,375334.26069490286,1.4320411585377955,0.8979972291944319
global_local_affinity,1000,temporal,9,0.9,1.0,0=first missing frame/left boundary; 1=last missing frame/right boundary,89.35325560385144,1.5595085076632815,0.9919218444863857,1413500,370326.59801943094,1.4684965775185412,0.9263217560321301
global_local_affinity,1000,unit,0,0.0,0.1,0=first missing frame/left boundary; 1=last missing frame/right boundary,90.01718146772554,1.5710961999770323,1.0002518721789238,1285000,492755.3946666116,1.5652413024269929,0.9973521904351836
global_local_affinity,1000,unit,1,0.1,0.2,0=first missing frame/left boundary; 1=last missing frame/right boundary,89.97143496297782,1.5702977728479055,0.9996196665913678,1285000,504973.70404714637,1.5647504047269318,0.9950515220614302
global_local_affinity,1000,unit,2,0.2,0.3,0=first missing frame/left boundary; 1=last missing frame/right boundary,89.98693418355467,1.5705682852784641,0.9998616013318649,1285000,520486.32118603546,1.573524593266012,1.0030622840062968
global_local_affinity,1000,unit,3,0.3,0.4,0=first missing frame/left boundary; 1=last missing frame/right boundary,89.99091007080827,1.5706376776017277,0.9998534518084637,1285000,512952.8252566711,1.565891329845422,0.9970757429325877
global_local_affinity,1000,unit,4,0.4,0.5,0=first missing frame/left boundary; 1=last missing frame/right boundary,89.94993948573159,1.5699226059956712,0.9993141229151752,1285000,529335.3323621757,1.5651861251698351,0.9966392123967394
global_local_affinity,1000,unit,5,0.5,0.6,0=first missing frame/left boundary; 1=last missing frame/right boundary,90.02470201903674,1.5712274583589778,1.000455290839505,1285000,474090.0990060214,1.5810857664609401,1.0081407096282595
global_local_affinity,1000,unit,6,0.6,0.7,0=first missing frame/left boundary; 1=last missing frame/right boundary,89.78389569826406,1.5670245952018813,0.9971280495757723,1285000,415745.42217155447,1.5377943620828571,0.9745211355585014
global_local_affinity,1000,unit,7,0.7,0.8,0=first missing frame/left boundary; 1=last missing frame/right boundary,89.95186505614608,1.569956213539383,0.9993643986323001,1285000,382584.2429246708,1.5506904717321897,0.9862123336856498
global_local_affinity,1000,unit,8,0.8,0.9,0=first missing frame/left boundary; 1=last missing frame/right boundary,90.0920847751235,1.57240350931176,1.0013893606852,1285000,375500.13632652257,1.5711006589584662,0.9999628868645617
global_local_affinity,1000,unit,9,0.9,1.0,0=first missing frame/left boundary; 1=last missing frame/right boundary,89.94389471777971,1.569817104892392,0.9992406227985244,1285000,336487.0295654623,1.5560039147300275,0.989893019916307
temporal_self_cross_attention,160,frequency,0,0.0,0.1,0=first missing frame/left boundary; 1=last missing frame/right boundary,41.549216768275954,0.7251706342312532,0.3569797455484513,256000,72162.8403188179,0.55619416690421,0.24864143413762724
temporal_self_cross_attention,160,frequency,1,0.1,0.2,0=first missing frame/left boundary; 1=last missing frame/right boundary,41.46683384048002,0.7237327808937815,0.355624196707271,128000,35573.995484339204,0.5716821778547541,0.25857842733762537
temporal_self_cross_attention,160,frequency,2,0.2,0.3,0=first missing frame/left boundary; 1=last missing frame/right boundary,41.30508155746599,0.7209096709825689,0.353907015360659,256000,71011.79077211198,0.5531562006773225,0.24723262000847918
temporal_self_cross_attention,160,frequency,3,0.3,0.4,0=first missing frame/left boundary; 1=last missing frame/right boundary,41.28925733488692,0.7206334861969957,0.3539400122850202,128000,35910.704459238994,0.5678096459330331,0.25538598951481284
temporal_self_cross_attention,160,frequency,4,0.4,0.5,0=first missing frame/left boundary; 1=last missing frame/right boundary,41.364087776093626,0.7219395237767727,0.3550210992202628,256000,74712.935155133,0.5622403288377843,0.2529505455913024
temporal_self_cross_attention,160,frequency,5,0.5,0.6,0=first missing frame/left boundary; 1=last missing frame/right boundary,40.91235807813796,0.714055353218407,0.34990815322985874,256000,75158.96022334062,0.553139876125206,0.24959206332406317
temporal_self_cross_attention,160,frequency,6,0.6,0.7,0=first missing frame/left boundary; 1=last missing frame/right boundary,41.363689285497394,0.7219325688038303,0.3550224494761787,128000,37673.666213890974,0.5638845865624298,0.2569936140525719
temporal_self_cross_attention,160,frequency,7,0.7,0.8,0=first missing frame/left boundary; 1=last missing frame/right boundary,41.28649046091651,0.7205851951362243,0.3538280843915418,128000,39005.70718731397,0.5596190866717581,0.253406112129707
temporal_self_cross_attention,160,frequency,8,0.8,0.9,0=first missing frame/left boundary; 1=last missing frame/right boundary,41.09319412572623,0.7172115376551154,0.35174464068654926,256000,76459.15425992104,0.5598659162844221,0.25365339792076796
temporal_self_cross_attention,160,frequency,9,0.9,1.0,0=first missing frame/left boundary; 1=last missing frame/right boundary,41.00125570491747,0.7156069095029184,0.35093447450804527,256000,75697.23727607235,0.5597137573526481,0.25149009599546146
temporal_self_cross_attention,160,temporal,0,0.0,0.1,0=first missing frame/left boundary; 1=last missing frame/right boundary,89.55299417504703,1.5629946033738737,0.9943635361542247,256486,73594.16463273432,1.5289370263862003,0.9731010731476301
temporal_self_cross_attention,160,temporal,1,0.1,0.2,0=first missing frame/left boundary; 1=last missing frame/right boundary,89.1517576919897,1.555991705665401,0.9891576879010591,257000,72471.7904182302,1.4899406330427032,0.9447753325350072
temporal_self_cross_attention,160,temporal,2,0.2,0.3,0=first missing frame/left boundary; 1=last missing frame/right boundary,89.03394686681733,1.5539355188716517,0.9878156231651046,128500,36114.82803923047,1.4853282075718963,0.9388608797037025
temporal_self_cross_attention,160,temporal,3,0.3,0.4,0=first missing frame/left boundary; 1=last missing frame/right boundary,89.51179678882107,1.5622755733410152,0.994176175898847,257000,73511.20537810799,1.495044757215651,0.9462483412398804
temporal_self_cross_attention,160,temporal,4,0.4,0.5,0=first missing frame/left boundary; 1=last missing frame/right boundary,89.69373946156425,1.5654510720302621,0.9962280853662046,128500,37970.18960222593,1.507866141181466,0.9587004059820537
temporal_self_cross_attention,160,temporal,5,0.5,0.6,0=first missing frame/left boundary; 1=last missing frame/right boundary,89.54205075111233,1.5628036045947715,0.9944261138049545,257000,76392.75094033458,1.5158671319972497,0.9655995266562054
temporal_self_cross_attention,160,temporal,6,0.6,0.7,0=first missing frame/left boundary; 1=last missing frame/right boundary,89.48214729087968,1.5617580919803746,0.9936693401902567,128500,38250.01031775196,1.5413544748675492,0.9837868195788759
temporal_self_cross_attention,160,temporal,7,0.7,0.8,0=first missing frame/left boundary; 1=last missing frame/right boundary,89.35324157840934,1.559508262873138,0.9920849722718914,257000,78359.67489116189,1.529486492122565,0.9748537030368689
temporal_self_cross_attention,160,temporal,8,0.8,0.9,0=first missing frame/left boundary; 1=last missing frame/right boundary,89.18976557954056,1.5566550684448914,0.9896132286448424,128500,38847.89614991819,1.51498025306122,0.9628744112482643
temporal_self_cross_attention,160,temporal,9,0.9,1.0,0=first missing frame/left boundary; 1=last missing frame/right boundary,89.39876766964359,1.5603028430607389,0.9923899791905543,385500,114728.32791274169,1.5355248309677876,0.9776359726728634
temporal_self_cross_attention,160,unit,0,0.0,0.1,0=first missing frame/left boundary; 1=last missing frame/right boundary,90.04168137870602,1.5715238040900872,1.0006969647674244,257000,73411.14859028636,1.5727243845590795,1.0027783876844316
temporal_self_cross_attention,160,unit,1,0.1,0.2,0=first missing frame/left boundary; 1=last missing frame/right boundary,90.09669707040145,1.5724840090504344,1.0012671505797235,128500,36175.992218669766,1.5824711450888855,1.0094194272290433
temporal_self_cross_attention,160,unit,2,0.2,0.3,0=first missing frame/left boundary; 1=last missing frame/right boundary,90.01906867418127,1.5711291379433499,1.0003346896489307,257000,72229.6561003149,1.5810864799688837,1.0067900082940862
temporal_self_cross_attention,160,unit,3,0.3,0.4,0=first missing frame/left boundary; 1=last missing frame/right boundary,89.8991318105951,1.5690358447792556,0.9987108368201014,128500,36518.02153052264,1.5924736078510313,1.0207599605910604
temporal_self_cross_attention,160,unit,4,0.4,0.5,0=first missing frame/left boundary; 1=last missing frame/right boundary,89.93377222167251,1.5696404340068009,0.9993401704170825,257000,75940.37914983928,1.5498245164791418,0.9848631579369225
temporal_self_cross_attention,160,unit,5,0.5,0.6,0=first missing frame/left boundary; 1=last missing frame/right boundary,90.05202437465877,1.5717043234239831,1.0008297183836017,257000,76355.63405271436,1.5845226108540846,1.01061717654674
temporal_self_cross_attention,160,unit,6,0.6,0.7,0=first missing frame/left boundary; 1=last missing frame/right boundary,89.73228390309002,1.5661237994432293,0.9964961471251477,128500,38325.91773580473,1.588497967195388,1.0105937165657695
temporal_self_cross_attention,160,unit,7,0.7,0.8,0=first missing frame/left boundary; 1=last missing frame/right boundary,89.82858649979819,1.567804596834007,0.9976878816241884,128500,39654.356716217124,1.5473414643914032,0.9834319103282304
temporal_self_cross_attention,160,unit,8,0.8,0.9,0=first missing frame/left boundary; 1=last missing frame/right boundary,89.73057485364406,1.5660939709033177,0.9965505114211647,257000,77695.7923020281,1.5365248433207184,0.9742018179245593
temporal_self_cross_attention,160,unit,9,0.9,1.0,0=first missing frame/left boundary; 1=last missing frame/right boundary,89.72503531661776,1.5659972877431727,0.9963215074838367,257000,76952.02428924173,1.5661209577346762,0.9960972064886687
temporal_self_cross_attention,500,frequency,0,0.0,0.1,0=first missing frame/left boundary; 1=last missing frame/right boundary,41.25825294557216,0.720092357520883,0.3534052035222761,640000,188393.1480800509,0.5544120128695733,0.2479436199528758
temporal_self_cross_attention,500,frequency,1,0.1,0.2,0=first missing frame/left boundary; 1=last missing frame/right boundary,41.40832639344783,0.7227116333061335,0.35560368304820733,640000,193651.78599362884,0.5647567574693346,0.2556791957753534
temporal_self_cross_attention,500,frequency,2,0.2,0.3,0=first missing frame/left boundary; 1=last missing frame/right boundary,41.426174876722094,0.7230231481057566,0.3554213366322219,640000,191882.70031156077,0.5646170145798602,0.25558384525717004
temporal_self_cross_attention,500,frequency,3,0.3,0.4,0=first missing frame/left boundary; 1=last missing frame/right boundary,41.50447195684926,0.7243896899486735,0.35632489968631414,640000,197789.52020706207,0.5646437052452588,0.2539697041498877
temporal_self_cross_attention,500,frequency,4,0.4,0.5,0=first missing frame/left boundary; 1=last missing frame/right boundary,41.41965365501684,0.7229093313157473,0.3564708869079128,640000,208252.70598082594,0.5687478968583413,0.25833523723597673
temporal_self_cross_attention,500,frequency,5,0.5,0.6,0=first missing frame/left boundary; 1=last missing frame/right boundary,41.263475225365944,0.720183503497745,0.3546618574404158,640000,215881.7754382948,0.5680283576985901,0.2597919954008819
temporal_self_cross_attention,500,frequency,6,0.6,0.7,0=first missing frame/left boundary; 1=last missing frame/right boundary,41.4560213108026,0.7235440666504408,0.35703173535065724,640000,208613.42020721757,0.5538052484896329,0.25136811623308297
temporal_self_cross_attention,500,frequency,7,0.7,0.8,0=first missing frame/left boundary; 1=last missing frame/right boundary,41.40231177849763,0.7226066584720128,0.3560737277877517,640000,205649.509738526,0.5618090603191624,0.25510951131507464
temporal_self_cross_attention,500,frequency,8,0.8,0.9,0=first missing frame/left boundary; 1=last missing frame/right boundary,41.369511310060055,0.7220341823015807,0.35577984393220397,640000,204578.43273111846,0.5603122376815167,0.25288032068377053
temporal_self_cross_attention,500,frequency,9,0.9,1.0,0=first missing frame/left boundary; 1=last missing frame/right boundary,41.2413440034368,0.7197972408075918,0.3535564649057575,640000,197301.2915514563,0.5705578651959494,0.2576276737493251
temporal_self_cross_attention,500,temporal,0,0.0,0.1,0=first missing frame/left boundary; 1=last missing frame/right boundary,89.42180574034505,1.5607049332477865,0.9926550120812834,770486,230589.41458060924,1.498344829279225,0.94997222247255
temporal_self_cross_attention,500,temporal,1,0.1,0.2,0=first missing frame/left boundary; 1=last missing frame/right boundary,89.4078298763641,1.5604610084055082,0.9925236022737703,642500,197235.09867367957,1.491329043630166,0.942789038357041
temporal_self_cross_attention,500,temporal,2,0.2,0.3,0=first missing frame/left boundary; 1=last missing frame/right boundary,89.32749886723872,1.5590589678048206,0.9915734213666694,642500,194879.19141589233,1.4826652479372346,0.9382088814720453
temporal_self_cross_attention,500,temporal,3,0.3,0.4,0=first missing frame/left boundary; 1=last missing frame/right boundary,89.29996571501418,1.5585784236450497,0.9913297256620014,642500,201797.7060052741,1.4849554540326224,0.9401884831249763
temporal_self_cross_attention,500,temporal,4,0.4,0.5,0=first missing frame/left boundary; 1=last missing frame/right boundary,89.62890355269853,1.5643194719470324,0.9955278385563351,514000,168724.29230300788,1.5043345862668975,0.9532659741217553
temporal_self_cross_attention,500,temporal,5,0.5,0.6,0=first missing frame/left boundary; 1=last missing frame/right boundary,89.38438700246535,1.560051853069845,0.9923574721288124,642500,219283.09634697382,1.4942720926762758,0.9464462244668488
temporal_self_cross_attention,500,temporal,6,0.6,0.7,0=first missing frame/left boundary; 1=last missing frame/right boundary,89.37331566426683,1.5598586217656791,0.9920032998785434,642500,212535.53210408168,1.5118662910832705,0.9612678795809498
temporal_self_cross_attention,500,temporal,7,0.7,0.8,0=first missing frame/left boundary; 1=last missing frame/right boundary,89.25065162425268,1.5577177303936343,0.9905361867777568,642500,208613.46321595207,1.4824540957893082,0.9358629997024936
temporal_self_cross_attention,500,temporal,8,0.8,0.9,0=first missing frame/left boundary; 1=last missing frame/right boundary,89.29356375641532,1.5584666883889233,0.9909298384576456,642500,208263.06980000925,1.4916548557758715,0.9434978528390234
temporal_self_cross_attention,500,temporal,9,0.9,1.0,0=first missing frame/left boundary; 1=last missing frame/right boundary,89.26653157621547,1.5579948878404437,0.9905131212838986,770486,242277.56546329288,1.4820567112107765,0.9356421524289706
temporal_self_cross_attention,500,unit,0,0.0,0.1,0=first missing frame/left boundary; 1=last missing frame/right boundary,90.06668796684704,1.5719602513878383,1.0010699918604082,642500,191651.44329316696,1.548254120489293,0.9847499287294872
temporal_self_cross_attention,500,unit,1,0.1,0.2,0=first missing frame/left boundary; 1=last missing frame/right boundary,90.14790058754728,1.5733776790132308,1.0022583345628435,642500,196757.02629556894,1.5716305999519349,1.0025422780383673
temporal_self_cross_attention,500,unit,2,0.2,0.3,0=first missing frame/left boundary; 1=last missing frame/right boundary,89.67357473575726,1.565099131172168,0.9956094648723937,642500,195026.3135759281,1.5546061824930841,0.9885693885731232
temporal_self_cross_attention,500,unit,3,0.3,0.4,0=first missing frame/left boundary; 1=last missing frame/right boundary,89.88934131460935,1.5688649683889013,0.9985719917616491,642500,200850.58087881765,1.5677914885283506,0.9978117151613478
temporal_self_cross_attention,500,unit,4,0.4,0.5,0=first missing frame/left boundary; 1=last missing frame/right boundary,90.26209761393457,1.5753707931196759,1.0037778550233358,642500,211232.18553138367,1.573260250958529,1.0021498829633928
temporal_self_cross_attention,500,unit,5,0.5,0.6,0=first missing frame/left boundary; 1=last missing frame/right boundary,90.07360509873277,1.5720809781140388,1.001222731933334,642500,218893.01972967712,1.5422439184579753,0.9799033117748087
temporal_self_cross_attention,500,unit,6,0.6,0.7,0=first missing frame/left boundary; 1=last missing frame/right boundary,90.03583697241743,1.5714217999575268,1.000525494699905,642500,211879.30824878422,1.5825365045437363,1.0095727283001419
temporal_self_cross_attention,500,unit,7,0.7,0.8,0=first missing frame/left boundary; 1=last missing frame/right boundary,89.98780520713002,1.570583487507717,0.9999990550441037,642500,209004.40086687118,1.5607959773526863,0.9937748388344473
temporal_self_cross_attention,500,unit,8,0.8,0.9,0=first missing frame/left boundary; 1=last missing frame/right boundary,89.93346742790565,1.5696351143520297,0.9990858226229709,642500,207872.51439762206,1.5616648956015444,0.9932803230692019
temporal_self_cross_attention,500,unit,9,0.9,1.0,0=first missing frame/left boundary; 1=last missing frame/right boundary,89.95962374583758,1.5700916282201403,0.9996157958693077,642500,200584.99342206446,1.557401157492085,0.9901202418493995
temporal_self_cross_attention,1000,frequency,0,0.0,0.1,0=first missing frame/left boundary; 1=last missing frame/right boundary,42.09773591964683,0.7347440994329202,0.36307842176146804,1280000,485472.1165072321,0.5649018916726568,0.2551038197910921
temporal_self_cross_attention,1000,frequency,1,0.1,0.2,0=first missing frame/left boundary; 1=last missing frame/right boundary,42.11676095485443,0.7350761489376005,0.3642678053101059,1280000,497875.12205914105,0.568966988195948,0.2589675566685867
temporal_self_cross_attention,1000,frequency,2,0.2,0.3,0=first missing frame/left boundary; 1=last missing frame/right boundary,41.84269732590753,0.7302928362525132,0.36078406306984834,1280000,513404.10706713377,0.5622944420537683,0.25543649419578807
temporal_self_cross_attention,1000,frequency,3,0.3,0.4,0=first missing frame/left boundary; 1=last missing frame/right boundary,41.7022886868921,0.7278422432034498,0.3592527579554822,1280000,506107.76136359014,0.5713690664632965,0.2592424779333199
temporal_self_cross_attention,1000,frequency,4,0.4,0.5,0=first missing frame/left boundary; 1=last missing frame/right boundary,41.57418600713364,0.7256064296610368,0.3578608078937512,1280000,522733.5666863089,0.5663024740203573,0.2576751483502842
temporal_self_cross_attention,1000,frequency,5,0.5,0.6,0=first missing frame/left boundary; 1=last missing frame/right boundary,41.60636162919201,0.7261680002048325,0.3586947714248672,1280000,467165.74130813626,0.5641895196537436,0.2557577079905897
temporal_self_cross_attention,1000,frequency,6,0.6,0.7,0=first missing frame/left boundary; 1=last missing frame/right boundary,41.37723763089021,0.7221690320391322,0.35558928439752197,1280000,409209.4757714203,0.5641766067913722,0.25566088848740554
temporal_self_cross_attention,1000,frequency,7,0.7,0.8,0=first missing frame/left boundary; 1=last missing frame/right boundary,41.02372601375489,0.7159990903760713,0.35081949401148593,1280000,376578.0115323525,0.5591490101442734,0.2516842310495851
temporal_self_cross_attention,1000,frequency,8,0.8,0.9,0=first missing frame/left boundary; 1=last missing frame/right boundary,40.893420267132306,0.713724826063238,0.35046721583451146,1280000,369506.30001918966,0.5579055780803751,0.2519763931919429
temporal_self_cross_attention,1000,frequency,9,0.9,1.0,0=first missing frame/left boundary; 1=last missing frame/right boundary,40.64155114100635,0.7093288805282191,0.34684935423810964,1280000,330931.6203713179,0.5578119834980766,0.24940521209463898
temporal_self_cross_attention,1000,temporal,0,0.0,0.1,0=first missing frame/left boundary; 1=last missing frame/right boundary,89.37614962368573,1.559908083688407,0.9920473156695566,1413243,543350.381390442,1.5125081742617037,0.9604901878877672
temporal_self_cross_attention,1000,temporal,1,0.1,0.2,0=first missing frame/left boundary; 1=last missing frame/right boundary,89.22764972225751,1.5573162714695974,0.9902402710747162,1285000,504896.00123136624,1.5050997741322658,0.9557487407584999
temporal_self_cross_attention,1000,temporal,2,0.2,0.3,0=first missing frame/left boundary; 1=last missing frame/right boundary,89.24424659845938,1.557605941604866,0.9904512550677307,1285000,520979.34458903235,1.4996911463495142,0.9517496086516163
temporal_self_cross_attention,1000,temporal,3,0.3,0.4,0=first missing frame/left boundary; 1=last missing frame/right boundary,89.52517372682439,1.5625090449530081,0.9942757679727291,1285000,513305.2598493913,1.5131635080691268,0.9616655440668247
temporal_self_cross_attention,1000,temporal,4,0.4,0.5,0=first missing frame/left boundary; 1=last missing frame/right boundary,89.5080946453855,1.562210958748683,0.9938389922826258,1156500,477816.77236765524,1.5249761799489165,0.9690585645127019
temporal_self_cross_attention,1000,temporal,5,0.5,0.6,0=first missing frame/left boundary; 1=last missing frame/right boundary,89.36773571884378,1.5597612333459652,0.9920643831094416,1285000,477179.12420524284,1.482583173938823,0.9371622820088017
temporal_self_cross_attention,1000,temporal,6,0.6,0.7,0=first missing frame/left boundary; 1=last missing frame/right boundary,89.35843513382886,1.5595989075150936,0.9920018255297776,1285000,418765.3565306736,1.4790423310213296,0.9346992676778925
temporal_self_cross_attention,1000,temporal,7,0.7,0.8,0=first missing frame/left boundary; 1=last missing frame/right boundary,89.41217571689566,1.5605368576315504,0.9925663955825312,1285000,383006.47471449315,1.487582812767499,0.9399450625280771
temporal_self_cross_attention,1000,temporal,8,0.8,0.9,0=first missing frame/left boundary; 1=last missing frame/right boundary,89.09173603292606,1.554944130092231,0.9882863165465774,1285000,375334.26069490286,1.4313730219429341,0.8971197311312495
temporal_self_cross_attention,1000,temporal,9,0.9,1.0,0=first missing frame/left boundary; 1=last missing frame/right boundary,89.2878262849205,1.5583665506205993,0.9909898863703613,1413500,370326.59801943094,1.4653605396181422,0.9237712076900143
temporal_self_cross_attention,1000,unit,0,0.0,0.1,0=first missing frame/left boundary; 1=last missing frame/right boundary,89.95967786028476,1.5700925726954162,0.9994675925811441,1285000,492755.3946666116,1.5545103363755703,0.9879829474285718
temporal_self_cross_attention,1000,unit,1,0.1,0.2,0=first missing frame/left boundary; 1=last missing frame/right boundary,89.89648632421239,1.5689896723315608,0.9986585095077173,1285000,504973.70404714637,1.5566004220430092,0.989438615160542
temporal_self_cross_attention,1000,unit,2,0.2,0.3,0=first missing frame/left boundary; 1=last missing frame/right boundary,89.80687665245595,1.5674256885177795,0.9975961323188437,1285000,520486.32118603546,1.5685103143517536,0.998651856970277
temporal_self_cross_attention,1000,unit,3,0.3,0.4,0=first missing frame/left boundary; 1=last missing frame/right boundary,90.02414790750257,1.5712177872882835,1.0003817827103203,1285000,512952.8252566711,1.564325425264895,0.9955149485936543
temporal_self_cross_attention,1000,unit,4,0.4,0.5,0=first missing frame/left boundary; 1=last missing frame/right boundary,89.97676182437702,1.5703907441181189,0.9996456664333547,1285000,529335.3323621757,1.557795414180517,0.9904955668233083
temporal_self_cross_attention,1000,unit,5,0.5,0.6,0=first missing frame/left boundary; 1=last missing frame/right boundary,90.09449391500075,1.5724455567347595,1.0013724690989299,1285000,474090.0990060214,1.5766752191921949,1.0051574798746425
temporal_self_cross_attention,1000,unit,6,0.6,0.7,0=first missing frame/left boundary; 1=last missing frame/right boundary,89.80368019181624,1.5673698997552064,0.9977333355026022,1285000,415745.42217155447,1.5590441966905766,0.9921196675736537
temporal_self_cross_attention,1000,unit,7,0.7,0.8,0=first missing frame/left boundary; 1=last missing frame/right boundary,90.02374302104504,1.5712107206865027,1.000463745588273,1285000,382584.2429246708,1.5610855564310915,0.9936634655044857
temporal_self_cross_attention,1000,unit,8,0.8,0.9,0=first missing frame/left boundary; 1=last missing frame/right boundary,90.05038860682265,1.5716757738894447,1.0007586727109865,1285000,375500.13632652257,1.5595887640154746,0.991190363243716
temporal_self_cross_attention,1000,unit,9,0.9,1.0,0=first missing frame/left boundary; 1=last missing frame/right boundary,89.8058777138941,1.5674082537508502,0.9973774027196813,1285000,336487.0295654623,1.5440114689384516,0.9797002446605036
