method,gap_ms,error_type,depth_bin,depth_low,depth_high,depth_definition,angular_mae_deg,angular_mae_rad,circular_error_mean,count,magnitude_sum,magnitude_weighted_angular_mae_rad,magnitude_weighted_circular_error
concat,160,frequency,0,0.0,0.2,0=nearest observed boundary; 1=center of gap,40.92079139770152,0.7142025424116639,0.3506872898475267,512000,147860.0775948903,0.4404663339581189,0.18960095140479713
concat,160,frequency,1,0.2,0.4,0=nearest observed boundary; 1=center of gap,40.8043175617198,0.7121696904813549,0.3490682181955005,384000,112033.14974426026,0.4402400412239202,0.19049362822121277
concat,160,frequency,2,0.4,0.6,0=nearest observed boundary; 1=center of gap,40.95162389740677,0.7147406710481407,0.35070153247487423,384000,110017.49795942595,0.4393360337962327,0.18868438126444176
concat,160,frequency,3,0.6,0.8,0=nearest observed boundary; 1=center of gap,40.97398533135636,0.7151309516960282,0.3510307250083424,256000,73584.37067312996,0.4493837478970569,0.1951522935147199
concat,160,frequency,4,0.8,1.0,0=nearest observed boundary; 1=center of gap,40.80227806860989,0.7121340946115153,0.34931738299143034,512000,149871.89537847362,0.4420217874884172,0.19101777665475603
concat,160,temporal,0,0.0,0.2,0=nearest observed boundary; 1=center of gap,89.71233630623112,1.5657756482001808,0.9963672739328383,513486,149747.4887710508,1.538613263436193,0.9797069016949495
concat,160,temporal,1,0.2,0.4,0=nearest observed boundary; 1=center of gap,89.21918947366902,1.5571686122761912,0.9899930752111085,514000,149894.69034257354,1.4987295492714032,0.9507310698108467
concat,160,temporal,2,0.4,0.6,0=nearest observed boundary; 1=center of gap,89.18366426539463,1.556548580424346,0.9898680842697388,257000,75484.36568955201,1.50822113987139,0.9572808789329296
concat,160,temporal,3,0.6,0.8,0=nearest observed boundary; 1=center of gap,89.49720531494637,1.5620209040791828,0.9939819613507286,514000,150751.35293670034,1.5189821868406979,0.9657426196862544
concat,160,temporal,4,0.8,1.0,0=nearest observed boundary; 1=center of gap,89.62710124106508,1.5642880156748815,0.9954319162311567,385500,114362.94054256051,1.5134715505823477,0.9631042247325768
concat,160,unit,0,0.0,0.2,0=nearest observed boundary; 1=center of gap,90.25243459855751,1.5752021416856754,1.0035356283476613,514000,150363.1728795281,1.565538996294247,0.9971613319522336
concat,160,unit,1,0.2,0.4,0=nearest observed boundary; 1=center of gap,89.9373996224475,1.5697037440936137,0.9993583180977058,385500,113871.78452069784,1.5445507080158398,0.9803754189343945
concat,160,unit,2,0.4,0.6,0=nearest observed boundary; 1=center of gap,90.02053688638932,1.571154763080498,1.0005233464619838,385500,111884.01281653202,1.575142907278016,1.0019037430469757
concat,160,unit,3,0.6,0.8,0=nearest observed boundary; 1=center of gap,90.00447184406099,1.5708743751973966,0.9999806522752525,257000,74843.93926632738,1.5914888913462706,1.0163033244926019
concat,160,unit,4,0.8,1.0,0=nearest observed boundary; 1=center of gap,89.88869526021114,1.5688536926125056,0.9988132528560635,514000,152296.01320255361,1.559662865419323,0.9919601800426598
concat,500,frequency,0,0.0,0.2,0=nearest observed boundary; 1=center of gap,40.875763540284744,0.7134166580446225,0.34983878424642606,1280000,385694.4396315071,0.4427784566790802,0.18870368634362264
concat,500,frequency,1,0.2,0.4,0=nearest observed boundary; 1=center of gap,40.970190287321174,0.7150647156823561,0.35159303352381105,1280000,398230.21872474725,0.43880064263850777,0.18842546501592633
concat,500,frequency,2,0.4,0.6,0=nearest observed boundary; 1=center of gap,41.03290491984464,0.716159292509069,0.3520645072528627,1280000,397532.21005008684,0.43455981258829524,0.18729926329212085
concat,500,frequency,3,0.6,0.8,0=nearest observed boundary; 1=center of gap,41.08717250484305,0.7171064405443971,0.35283053800622,1280000,406402.9404142797,0.429327750782641,0.18501099645131194
concat,500,frequency,4,0.8,1.0,0=nearest observed boundary; 1=center of gap,40.939893029485845,0.7145359287788039,0.3517114707700443,1280000,424134.4814191207,0.4295480375090563,0.1849040948067479
concat,500,temporal,0,0.0,0.2,0=nearest observed boundary; 1=center of gap,89.37670843581164,1.559917836799904,0.9920561996733226,1540972,472866.98004390224,1.4931367532877589,0.9455361913612232
concat,500,temporal,1,0.2,0.4,0=nearest observed boundary; 1=center of gap,89.37230304495579,1.5598409482246323,0.9920299527912289,1285000,405498.16847368877,1.4885166594732393,0.9412002724099107
concat,500,temporal,2,0.4,0.6,0=nearest observed boundary; 1=center of gap,89.30738876643537,1.5587079803328943,0.9913172942494141,1285000,403492.65463184443,1.482169756847612,0.936692153123942
concat,500,temporal,3,0.6,0.8,0=nearest observed boundary; 1=center of gap,89.34943480026188,1.5594418220605717,0.9918736994066127,1285000,414333.23810935585,1.4994844936476797,0.9513122370600702
concat,500,temporal,4,0.8,1.0,0=nearest observed boundary; 1=center of gap,89.50123806123256,1.5620912887797744,0.9938527983646088,1156500,388007.3886499817,1.4995227292191526,0.9495925700009047
concat,500,unit,0,0.0,0.2,0=nearest observed boundary; 1=center of gap,89.84199942485705,1.5680386965386073,0.997994892488936,1285000,392236.4367152313,1.5486122073097217,0.9848130145084958
concat,500,unit,1,0.2,0.4,0=nearest observed boundary; 1=center of gap,89.96728870765584,1.5702254070409085,0.999574398148802,1285000,404629.54069319105,1.5760659222560316,1.0050504365890085
concat,500,unit,2,0.4,0.6,0=nearest observed boundary; 1=center of gap,89.98509257067485,1.5705361430701643,0.999901355968839,1285000,404030.7144427993,1.5542467068925367,0.9883154796882748
concat,500,unit,3,0.6,0.8,0=nearest observed boundary; 1=center of gap,90.01062357822185,1.5709817432132112,1.0003950304880216,1285000,412729.88912760187,1.5554929137223348,0.9888539675962144
concat,500,unit,4,0.8,1.0,0=nearest observed boundary; 1=center of gap,89.9635900912637,1.5701608540070973,0.999653406030102,1285000,430125.20526106074,1.5532554799193057,0.9881903678113619
concat,1000,frequency,0,0.0,0.2,0=nearest observed boundary; 1=center of gap,40.92502996701085,0.7142765194016857,0.3506024112208979,2560000,816403.7368785499,0.44451065107393845,0.19073019168005123
concat,1000,frequency,1,0.2,0.4,0=nearest observed boundary; 1=center of gap,41.067923828654685,0.7167704877682599,0.35312843631422147,2560000,867381.4220783308,0.44125754745262397,0.19035520577710535
concat,1000,frequency,2,0.4,0.6,0=nearest observed boundary; 1=center of gap,40.955798628262606,0.7148135338469597,0.3510446106025949,2560000,889982.1185994865,0.43749206785835115,0.18822056933127213
concat,1000,frequency,3,0.6,0.8,0=nearest observed boundary; 1=center of gap,41.05275285532182,0.7165057043328691,0.35264183995984494,2560000,915317.2371350104,0.4377060650863188,0.1884218186581532
concat,1000,frequency,4,0.8,1.0,0=nearest observed boundary; 1=center of gap,41.06970779835836,0.7168016239133448,0.3530904779283563,2560000,989899.3079944452,0.4372081740496591,0.1882704538807754
concat,1000,temporal,0,0.0,0.2,0=nearest observed boundary; 1=center of gap,89.35831065410017,1.5595967349339757,0.9919453449858481,2826743,913676.979409873,1.493869887223508,0.9461385701099974
concat,1000,temporal,1,0.2,0.4,0=nearest observed boundary; 1=center of gap,89.17279711734018,1.5563589129104942,0.9894411423934341,2570000,880230.2619262693,1.4730899397687407,0.9305937030084234
concat,1000,temporal,2,0.4,0.6,0=nearest observed boundary; 1=center of gap,89.34676194550421,1.5593951719446228,0.9917642778544574,2570000,903985.8193035255,1.49348353177009,0.9462329012266582
concat,1000,temporal,3,0.6,0.8,0=nearest observed boundary; 1=center of gap,89.45095116817399,1.561213616925304,0.9932535823806019,2570000,932070.6163800647,1.494636494550642,0.9471144955558395
concat,1000,temporal,4,0.8,1.0,0=nearest observed boundary; 1=center of gap,89.44419320753997,1.5610956682615202,0.9930378267001403,2441500,954995.8965728979,1.5027981705128322,0.9523681867864987
concat,1000,unit,0,0.0,0.2,0=nearest observed boundary; 1=center of gap,89.86698409336407,1.5684747612665741,0.9983533010036101,2570000,829242.4242320738,1.5526656983575333,0.9879174840741924
concat,1000,unit,1,0.2,0.4,0=nearest observed boundary; 1=center of gap,89.94583308406253,1.5698509357661365,0.99931756195259,2570000,880473.8403736688,1.5632197389284224,0.9937434875755099
concat,1000,unit,2,0.4,0.6,0=nearest observed boundary; 1=center of gap,89.98306700797202,1.5705007903317947,0.9998209397952612,2570000,903070.564110706,1.5594012689975205,0.9917993140134976
concat,1000,unit,3,0.6,0.8,0=nearest observed boundary; 1=center of gap,90.00586261288623,1.5708986486925312,1.0001230166396742,2570000,928698.2474282257,1.5644286812083221,0.9957692370099327
concat,1000,unit,4,0.8,1.0,0=nearest observed boundary; 1=center of gap,90.08115144116724,1.5722126866360033,1.0011638539590493,2570000,1003425.4313681968,1.569610322785418,0.9994402155663704
global_local_affinity,160,frequency,0,0.0,0.2,0=nearest observed boundary; 1=center of gap,41.23132856825361,0.719622438487625,0.35399677444051486,512000,147860.0775948903,0.511052777055162,0.236806141370701
global_local_affinity,160,frequency,1,0.2,0.4,0=nearest observed boundary; 1=center of gap,41.10859806634471,0.7174803871366895,0.35208036670585474,384000,112033.14974426026,0.5098790077261328,0.23698143446087297
global_local_affinity,160,frequency,2,0.4,0.6,0=nearest observed boundary; 1=center of gap,41.22498267423416,0.7195116817430031,0.3534720001897464,384000,110017.49795942595,0.5007006900638944,0.22898881294571202
global_local_affinity,160,frequency,3,0.6,0.8,0=nearest observed boundary; 1=center of gap,41.19825742129809,0.7190452380858403,0.35352718380023723,256000,73584.37067312996,0.5035870617662936,0.23106547484576798
global_local_affinity,160,frequency,4,0.8,1.0,0=nearest observed boundary; 1=center of gap,41.06422683051117,0.7167059629782153,0.3519968663953478,512000,149871.89537847362,0.5047164401864644,0.23174201381696988
global_local_affinity,160,temporal,0,0.0,0.2,0=nearest observed boundary; 1=center of gap,89.70972438630491,1.5657300615976704,0.9961676088064337,513486,149747.4887710508,1.5450719159919117,0.9841672692192351
global_local_affinity,160,temporal,1,0.2,0.4,0=nearest observed boundary; 1=center of gap,89.20460585211052,1.5569140800631305,0.9897448466270582,514000,149894.69034257354,1.5021135976864146,0.9528135689455077
global_local_affinity,160,temporal,2,0.4,0.6,0=nearest observed boundary; 1=center of gap,89.18276446919158,1.5565328760180062,0.9898512441604054,257000,75484.36568955201,1.510298972629975,0.9582270421935594
global_local_affinity,160,temporal,3,0.6,0.8,0=nearest observed boundary; 1=center of gap,89.48728526466076,1.5618477665397354,0.9938352238758529,514000,150751.35293670034,1.519340230554601,0.965467013592208
global_local_affinity,160,temporal,4,0.8,1.0,0=nearest observed boundary; 1=center of gap,89.59640106683942,1.563752196553708,0.9950773895709895,385500,114362.94054256051,1.5154146358508376,0.9641225975006503
global_local_affinity,160,unit,0,0.0,0.2,0=nearest observed boundary; 1=center of gap,90.21392836537164,1.5745300811340412,1.0029654096916956,514000,150363.1728795281,1.5816304413660465,1.0094816968369371
global_local_affinity,160,unit,1,0.2,0.4,0=nearest observed boundary; 1=center of gap,89.8438406975992,1.5680708328103852,0.9977567839934823,385500,113871.78452069784,1.542064305135419,0.9794218194418688
global_local_affinity,160,unit,2,0.4,0.6,0=nearest observed boundary; 1=center of gap,90.00262782121378,1.5708421909272308,1.0001891331041832,385500,111884.01281653202,1.5693902488653981,1.0003377395662865
global_local_affinity,160,unit,3,0.6,0.8,0=nearest observed boundary; 1=center of gap,89.80950446961504,1.567471552579346,0.9973522497942011,257000,74843.93926632738,1.5892792239793103,1.014245289241267
global_local_affinity,160,unit,4,0.8,1.0,0=nearest observed boundary; 1=center of gap,90.03852355828845,1.571468689726614,1.0007372671196433,514000,152296.01320255361,1.586508348381993,1.0132103571500184
global_local_affinity,500,frequency,0,0.0,0.2,0=nearest observed boundary; 1=center of gap,41.1690443487425,0.7185353737851213,0.3529916935338173,1280000,385694.4396315071,0.5064776217141957,0.23148112823722236
global_local_affinity,500,frequency,1,0.2,0.4,0=nearest observed boundary; 1=center of gap,41.28040174803757,0.7204789270492782,0.3549482586236671,1280000,398230.21872474725,0.5049331116916931,0.23262360139324958
global_local_affinity,500,frequency,2,0.4,0.6,0=nearest observed boundary; 1=center of gap,41.30750085857313,0.7209518957524855,0.3550159709346946,1280000,397532.21005008684,0.50496791318269,0.23380716363732426
global_local_affinity,500,frequency,3,0.6,0.8,0=nearest observed boundary; 1=center of gap,41.34562477049026,0.7216172835391799,0.3556712220104877,1280000,406402.9404142797,0.5001167662864497,0.2314812735544453
global_local_affinity,500,frequency,4,0.8,1.0,0=nearest observed boundary; 1=center of gap,41.23371934009662,0.7196641653279494,0.35489457627395166,1280000,424134.4814191207,0.5020001171755898,0.2325553642071872
global_local_affinity,500,temporal,0,0.0,0.2,0=nearest observed boundary; 1=center of gap,89.31303023359965,1.558806442509554,0.9911351575323643,1540972,472866.98004390224,1.491774428239879,0.9442940491937699
global_local_affinity,500,temporal,1,0.2,0.4,0=nearest observed boundary; 1=center of gap,89.36446129767937,1.5597040839155494,0.9919335828535287,1285000,405498.16847368877,1.4896096959225575,0.9419315174759891
global_local_affinity,500,temporal,2,0.4,0.6,0=nearest observed boundary; 1=center of gap,89.32415296189677,1.5590005707401435,0.9915275046957143,1285000,403492.65463184443,1.4825325785286045,0.9369666861044053
global_local_affinity,500,temporal,3,0.6,0.8,0=nearest observed boundary; 1=center of gap,89.34998513548122,1.5594514272221391,0.9918143443277838,1285000,414333.23810935585,1.5016284140142,0.9526381179578048
global_local_affinity,500,temporal,4,0.8,1.0,0=nearest observed boundary; 1=center of gap,89.4981598049224,1.5620375630719416,0.9938118739008027,1156500,388007.3886499817,1.501223020645136,0.9510143265297666
global_local_affinity,500,unit,0,0.0,0.2,0=nearest observed boundary; 1=center of gap,89.82336747868764,1.5677135077318969,0.9977366011550918,1285000,392236.4367152313,1.557706376353361,0.9919825708744318
global_local_affinity,500,unit,1,0.2,0.4,0=nearest observed boundary; 1=center of gap,89.94186002013724,1.569781592719248,0.9992163046656416,1285000,404629.54069319105,1.5687253111798052,0.999255594187531
global_local_affinity,500,unit,2,0.4,0.6,0=nearest observed boundary; 1=center of gap,90.04564550047468,1.5715929910669004,1.0005665836580533,1285000,404030.7144427993,1.5621603115170488,0.9940890195508243
global_local_affinity,500,unit,3,0.6,0.8,0=nearest observed boundary; 1=center of gap,90.08551105955492,1.5722887763309987,1.0012014821749717,1285000,412729.88912760187,1.5832240130891262,1.0098079391044448
global_local_affinity,500,unit,4,0.8,1.0,0=nearest observed boundary; 1=center of gap,89.82553217366602,1.567751288786571,0.9976901668333358,1285000,430125.20526106074,1.5495680807894747,0.9849889804564921
global_local_affinity,1000,frequency,0,0.0,0.2,0=nearest observed boundary; 1=center of gap,41.28377778346944,0.7205378499832282,0.3544975112559507,2560000,816403.7368785499,0.5162424777201456,0.23766828656184008
global_local_affinity,1000,frequency,1,0.2,0.4,0=nearest observed boundary; 1=center of gap,41.40278537946744,0.7226149243682766,0.3567959685301641,2560000,867381.4220783308,0.5128826020008044,0.23727665648936538
global_local_affinity,1000,frequency,2,0.4,0.6,0=nearest observed boundary; 1=center of gap,41.297331876259165,0.7207744135295299,0.35488924732508603,2560000,889982.1185994865,0.5100764007242929,0.2356128039382181
global_local_affinity,1000,frequency,3,0.6,0.8,0=nearest observed boundary; 1=center of gap,41.41814564538215,0.7228830115824701,0.35658230759848375,2560000,915317.2371350104,0.5147070024018409,0.23830874199607902
global_local_affinity,1000,frequency,4,0.8,1.0,0=nearest observed boundary; 1=center of gap,41.46556033095686,0.7237105539595468,0.35744434082841037,2560000,989899.3079944452,0.5150687611196151,0.23922437424063467
global_local_affinity,1000,temporal,0,0.0,0.2,0=nearest observed boundary; 1=center of gap,89.38374942372776,1.5600407252216337,0.9922590425750183,2826743,913676.979409873,1.4936145263440594,0.9458557426194003
global_local_affinity,1000,temporal,1,0.2,0.4,0=nearest observed boundary; 1=center of gap,89.16743089036004,1.5562652545812816,0.9893706526902399,2570000,880230.2619262693,1.4735773584972036,0.9308721006355306
global_local_affinity,1000,temporal,2,0.4,0.6,0=nearest observed boundary; 1=center of gap,89.34835420475086,1.5594229621110225,0.9917619642695564,2570000,903985.8193035255,1.493411347288598,0.9459046018463867
global_local_affinity,1000,temporal,3,0.6,0.8,0=nearest observed boundary; 1=center of gap,89.446248169268,1.561131534109677,0.9931886815403222,2570000,932070.6163800647,1.496205789687447,0.9483621730451631
global_local_affinity,1000,temporal,4,0.8,1.0,0=nearest observed boundary; 1=center of gap,89.4201710129914,1.560676401873093,0.9927173486321085,2441500,954995.8965728979,1.5037332626166642,0.9530864904393191
global_local_affinity,1000,unit,0,0.0,0.2,0=nearest observed boundary; 1=center of gap,89.98053809275257,1.5704566524347112,0.9997462474887241,2570000,829242.4242320738,1.561492988235308,0.9943254348597639
global_local_affinity,1000,unit,1,0.2,0.4,0=nearest observed boundary; 1=center of gap,90.03175986905067,1.5713506410798328,1.000504513638284,2570000,880473.8403736688,1.567458629798829,0.9971460966740534
global_local_affinity,1000,unit,2,0.4,0.6,0=nearest observed boundary; 1=center of gap,89.96939961985036,1.5702622494089233,0.9996129999820824,2570000,903070.564110706,1.5638509581736435,0.9959238324356922
global_local_affinity,1000,unit,3,0.6,0.8,0=nearest observed boundary; 1=center of gap,89.88740288453619,1.5688311364018046,0.998490750692118,2570000,928698.2474282257,1.55331330920574,0.9869788413925872
global_local_affinity,1000,unit,4,0.8,1.0,0=nearest observed boundary; 1=center of gap,89.98732075238416,1.5705750321773246,0.9998847068773401,2570000,1003425.4313681968,1.572698255397173,1.0020733441127099
temporal_self_cross_attention,160,frequency,0,0.0,0.2,0=nearest observed boundary; 1=center of gap,41.27523623659669,0.7203887718670854,0.35395711002824826,512000,147860.0775948903,0.5579960276743631,0.25009981178816904
temporal_self_cross_attention,160,frequency,1,0.2,0.4,0=nearest observed boundary; 1=center of gap,41.21774069731082,0.7193852854013374,0.35303782602678985,384000,112033.14974426026,0.563617945364246,0.25521724732280177
temporal_self_cross_attention,160,frequency,2,0.4,0.6,0=nearest observed boundary; 1=center of gap,41.29888452528283,0.7208015123671208,0.3538807050376199,384000,110017.49795942595,0.5554475583555069,0.24942137571070952
temporal_self_cross_attention,160,frequency,3,0.6,0.8,0=nearest observed boundary; 1=center of gap,41.32647331019216,0.7212830275004131,0.35448123088059946,256000,73584.37067312996,0.5658000972307051,0.2562090598173616
temporal_self_cross_attention,160,frequency,4,0.8,1.0,0=nearest observed boundary; 1=center of gap,41.1382229271158,0.7179974384975899,0.3524646262250608,512000,149871.89537847362,0.5576765608163565,0.2512663069653961
temporal_self_cross_attention,160,temporal,0,0.0,0.2,0=nearest observed boundary; 1=center of gap,89.51722600233985,1.5623703309927117,0.9938759720634285,513486,149747.4887710508,1.5407164162081377,0.9813008896105613
temporal_self_cross_attention,160,temporal,1,0.2,0.4,0=nearest observed boundary; 1=center of gap,89.18163131012359,1.556513098661321,0.9895799439542489,514000,149894.69034257354,1.4997401551894922,0.9520348038004351
temporal_self_cross_attention,160,temporal,2,0.4,0.6,0=nearest observed boundary; 1=center of gap,89.16285556810706,1.5561854001436275,0.9895524920802636,257000,75484.36568955201,1.505867398687278,0.9552753857579651
temporal_self_cross_attention,160,temporal,3,0.6,0.8,0=nearest observed boundary; 1=center of gap,89.4801149389859,1.561722620748269,0.9937255688840777,514000,150751.35293670034,1.516950620861778,0.9643520354930045
temporal_self_cross_attention,160,temporal,4,0.8,1.0,0=nearest observed boundary; 1=center of gap,89.59261365459632,1.5636860937399355,0.9950267709920378,385500,114362.94054256051,1.5132106845778346,0.9633089164389147
temporal_self_cross_attention,160,unit,0,0.0,0.2,0=nearest observed boundary; 1=center of gap,89.8833583476619,1.5687605459166303,0.9985092361256306,514000,150363.1728795281,1.5693449196831226,0.9993591301108428
temporal_self_cross_attention,160,unit,1,0.2,0.4,0=nearest observed boundary; 1=center of gap,89.8526155925632,1.5682239836190235,0.9981227244740176,385500,113871.78452069784,1.5511215501540936,0.9853901203255601
temporal_self_cross_attention,160,unit,2,0.4,0.6,0=nearest observed boundary; 1=center of gap,89.95557461605358,1.5700209575735689,0.9994524203073499,385500,111884.01281653202,1.5691264433969205,0.998511342507677
temporal_self_cross_attention,160,unit,3,0.6,0.8,0=nearest observed boundary; 1=center of gap,89.81570785684256,1.5675798221112425,0.9976034919726245,257000,74843.93926632738,1.5904377706381727,1.0155540529916633
temporal_self_cross_attention,160,unit,4,0.8,1.0,0=nearest observed boundary; 1=center of gap,89.99289829816566,1.5706723787153922,1.0000849444003421,514000,152296.01320255361,1.567220868101926,0.9977752780837748
temporal_self_cross_attention,500,frequency,0,0.0,0.2,0=nearest observed boundary; 1=center of gap,41.24979847450448,0.7199447991642375,0.35348083421401677,1280000,385694.4396315071,0.5626713943639933,0.2528974801208334
temporal_self_cross_attention,500,frequency,1,0.2,0.4,0=nearest observed boundary; 1=center of gap,41.38891885175393,0.7223729078038569,0.35569176349020565,1280000,398230.21872474725,0.5624735231749963,0.25424136044110945
temporal_self_cross_attention,500,frequency,2,0.4,0.6,0=nearest observed boundary; 1=center of gap,41.41424332760987,0.7228149032888848,0.35574753220998684,1280000,397532.21005008684,0.5631644167714763,0.25533846503343427
temporal_self_cross_attention,500,frequency,3,0.6,0.8,0=nearest observed boundary; 1=center of gap,41.48024663382593,0.7239668782995572,0.3566783175184857,1280000,406402.9404142797,0.5590801442846652,0.25263426560030144
temporal_self_cross_attention,500,frequency,4,0.8,1.0,0=nearest observed boundary; 1=center of gap,41.3415644401914,0.7215464174067462,0.35556637217416426,1280000,424134.4814191207,0.5683816559651584,0.25907671795212067
temporal_self_cross_attention,500,temporal,0,0.0,0.2,0=nearest observed boundary; 1=center of gap,89.34416865828024,1.5593499105441146,0.9915840666825909,1540972,472866.98004390224,1.4899994684100093,0.942630084768719
temporal_self_cross_attention,500,temporal,1,0.2,0.4,0=nearest observed boundary; 1=center of gap,89.35069681638976,1.5594638483972165,0.991726720365708,1285000,405498.16847368877,1.491496380113826,0.9431530840948851
temporal_self_cross_attention,500,temporal,2,0.4,0.6,0=nearest observed boundary; 1=center of gap,89.28907524574574,1.5583883490992279,0.991054804072213,1285000,403492.65463184443,1.4825560782154594,0.9369960154765344
temporal_self_cross_attention,500,temporal,3,0.6,0.8,0=nearest observed boundary; 1=center of gap,89.3366406896405,1.5592185227053645,0.9916665127702724,1285000,414333.23810935585,1.4987595820770545,0.9510013273048119
temporal_self_cross_attention,500,temporal,4,0.8,1.0,0=nearest observed boundary; 1=center of gap,89.4930610247912,1.5619485725708173,0.993766523874378,1156500,388007.3886499817,1.4986477493249504,0.9494117799378705
temporal_self_cross_attention,500,unit,0,0.0,0.2,0=nearest observed boundary; 1=center of gap,90.01315585634232,1.5710259398039894,1.000342893864858,1285000,392236.4367152313,1.552931805133794,0.9874962422307346
temporal_self_cross_attention,500,unit,1,0.2,0.4,0=nearest observed boundary; 1=center of gap,90.04068400772645,1.57150639668263,1.000672078592907,1285000,404629.54069319105,1.566510864953076,0.9977840840014722
temporal_self_cross_attention,500,unit,2,0.4,0.6,0=nearest observed boundary; 1=center of gap,89.83068997144365,1.5678413093399424,0.9978042599582486,1285000,404030.7144427993,1.5578081528380963,0.9912621591329326
temporal_self_cross_attention,500,unit,3,0.6,0.8,0=nearest observed boundary; 1=center of gap,89.96258914351338,1.5701433841732142,0.999548743230777,1285000,412729.88912760187,1.5753610003949636,1.0038493571974496
temporal_self_cross_attention,500,unit,4,0.8,1.0,0=nearest observed boundary; 1=center of gap,90.16785135633366,1.5737258856168572,1.002500293478335,1285000,430125.20526106074,1.5574758732960645,0.9908284837834849
temporal_self_cross_attention,1000,frequency,0,0.0,0.2,0=nearest observed boundary; 1=center of gap,41.3696435303266,0.7220364899805697,0.35496388799978884,2560000,816403.7368785499,0.5620279768502328,0.2527938726489366
temporal_self_cross_attention,1000,frequency,1,0.2,0.4,0=nearest observed boundary; 1=center of gap,41.50509061099337,0.7244004875004192,0.3573675105723087,2560000,867381.4220783308,0.5642548043506833,0.25598930640482825
temporal_self_cross_attention,1000,frequency,2,0.4,0.6,0=nearest observed boundary; 1=center of gap,41.43321166983121,0.7231459633142923,0.35580177854066714,2560000,889982.1185994865,0.5609635158821817,0.2538487996064104
temporal_self_cross_attention,1000,frequency,3,0.6,0.8,0=nearest observed boundary; 1=center of gap,41.539763158891155,0.725005637621291,0.3574210211765021,2560000,915317.2371350104,0.5681535445300839,0.2576412622234765
temporal_self_cross_attention,1000,frequency,4,0.8,1.0,0=nearest observed boundary; 1=center of gap,41.59027381816282,0.7258872149329346,0.3582777896593092,2560000,989899.3079944452,0.5653053019998724,0.2567702457608828
temporal_self_cross_attention,1000,temporal,0,0.0,0.2,0=nearest observed boundary; 1=center of gap,89.33198393924084,1.5591372470784468,0.9915185529506209,2826743,913676.979409873,1.4933985506904823,0.9456074499773083
temporal_self_cross_attention,1000,temporal,1,0.2,0.4,0=nearest observed boundary; 1=center of gap,89.15969287759178,1.5561302007809141,0.9892632938106468,2570000,880230.2619262693,1.4736623455145963,0.9307490594983232
temporal_self_cross_attention,1000,temporal,2,0.4,0.6,0=nearest observed boundary; 1=center of gap,89.32821115767753,1.5590713996182084,0.991508825325131,2570000,903985.8193035255,1.4945610103884344,0.9467481832975496
temporal_self_cross_attention,1000,temporal,3,0.6,0.8,0=nearest observed boundary; 1=center of gap,89.44180443032661,1.5610539762340507,0.9931387967512534,2570000,932070.6163800647,1.4978333746859283,0.9495500003002232
temporal_self_cross_attention,1000,temporal,4,0.8,1.0,0=nearest observed boundary; 1=center of gap,89.434221526153,1.5609216295893575,0.9929049874546341,2441500,954995.8965728979,1.503793829791269,0.9531210717912846
temporal_self_cross_attention,1000,unit,0,0.0,0.2,0=nearest observed boundary; 1=center of gap,89.88277778708942,1.5687504132231334,0.9984224976504127,2570000,829242.4242320738,1.5502501434398444,0.9846220218780224
temporal_self_cross_attention,1000,unit,1,0.2,0.4,0=nearest observed boundary; 1=center of gap,89.97343746551752,1.5703327231105029,0.9997085911093518,2570000,880473.8403736688,1.5578748753732465,0.9901856920342428
temporal_self_cross_attention,1000,unit,2,0.4,0.6,0=nearest observed boundary; 1=center of gap,89.91530983675048,1.569318204602141,0.9990299389535583,2570000,903070.564110706,1.565364828826187,0.9965385337725148
temporal_self_cross_attention,1000,unit,3,0.6,0.8,0=nearest observed boundary; 1=center of gap,89.91391404965941,1.5692938435217452,0.9990575591064613,2570000,928698.2474282257,1.5619612056604164,0.9939950011349825
temporal_self_cross_attention,1000,unit,4,0.8,1.0,0=nearest observed boundary; 1=center of gap,90.03562786968891,1.5714181504264395,1.0005090677661423,2570000,1003425.4313681968,1.5667155873666756,0.9974229055101974
