method,gap_ms,error_type,energy_bin,energy_low_db,energy_high_db,angular_mae_deg,angular_mae_rad,circular_error_mean,count,magnitude_fraction,magnitude_sum,magnitude_weighted_angular_mae_rad,magnitude_weighted_circular_error
concat,160,frequency,<-60,-inf,-60.0,42.390232405376025,0.7398491261594073,0.36769328288218184,1375814,0.021546826290026654,12785.175488858076,0.7249357391878918,0.3552667367844593
concat,160,frequency,-60_to_-40,-60.0,-40.0,40.14808665403051,0.7007163004888259,0.3383708455894283,473672,0.13468654543666841,79918.55024110526,0.6873138875076871,0.3295624758212902
concat,160,frequency,-40_to_-20,-40.0,-20.0,34.37221686655379,0.5999083555308921,0.27745702336313544,170885,0.37684492295439925,223607.33813904226,0.5718243133098727,0.26369818509780296
concat,160,frequency,-20_to_-10,-20.0,-10.0,20.817175034218938,0.3633282453110837,0.14484853090148628,22590,0.29561475990776587,175408.04068517685,0.31888803273653926,0.11913495420394644
concat,160,frequency,-10_to_0,-10.0,inf,8.687707970084618,0.1516291085297296,0.02740804432024675,5039,0.17130694541113992,101647.88679599762,0.138719870109066,0.0234197691444085
concat,160,temporal,<-60,-inf,-60.0,89.82752518962815,1.5677860734771547,0.9978810041797378,1452118,0.02169536582423107,13890.259202149839,1.566434416375044,0.9967988685592432
concat,160,temporal,-60_to_-40,-60.0,-40.0,89.65965058956657,1.5648561089756117,0.9955271120599043,518976,0.13651713591663867,87403.84553918615,1.5658224110063947,0.9961109846416732
concat,160,temporal,-40_to_-20,-40.0,-20.0,86.7526391523021,1.5141191880022138,0.9596076761674869,184105,0.3726525519714948,238587.38226231933,1.4734685527086049,0.9312014297493669
concat,160,temporal,-20_to_-10,-20.0,-10.0,83.54236103076049,1.4580892648765742,0.920161092058181,22970,0.28013934419066566,179356.648560524,1.4711868188401178,0.9306660018454062
concat,160,temporal,-10_to_0,-10.0,inf,92.10403555651585,1.6075186748351293,1.034656719723292,5817,0.18899560209696983,121002.7027182579,1.6275722784549629,1.0512541500207984
concat,160,unit,<-60,-inf,-60.0,90.08407588614199,1.572263727829606,1.0012379749569427,1392623,0.021169982475621525,12770.980821517303,1.5715831174682142,1.0009473607618464
concat,160,unit,-60_to_-40,-60.0,-40.0,90.08085045049211,1.5722074333577045,1.0013213340545952,466582,0.13026090697168677,78581.05440779403,1.5728231815111042,1.0018854266360686
concat,160,unit,-40_to_-20,-40.0,-20.0,89.45175156688542,1.5612275865181473,0.9933262482470109,169184,0.3679348820840852,221960.00058451295,1.5592494117574103,0.9920829350232364
concat,160,unit,-20_to_-10,-20.0,-10.0,89.93960375096755,1.569742213393426,0.9994367920289373,21980,0.28522476403874236,172064.38387727737,1.5701492199726979,0.9994482845241659
concat,160,unit,-10_to_0,-10.0,inf,89.42239926672654,1.5607152922373413,0.9924813540530997,5631,0.19540946442986376,117882.50299453735,1.562867046780964,0.9935461033051226
concat,500,frequency,<-60,-inf,-60.0,42.722773971727186,0.7456530713919742,0.37197999890524674,4179486,0.020630091143270943,41507.6255873866,0.7274254282529503,0.3571746677837899
concat,500,frequency,-60_to_-40,-60.0,-40.0,40.085579803161934,0.6996253501361163,0.3379045063698772,1554606,0.1290330837737574,259613.8278048262,0.685448447982121,0.32879363742707685
concat,500,frequency,-40_to_-20,-40.0,-20.0,34.41744492227947,0.6006977340175806,0.2780173672467772,572005,0.37417670064211084,752841.3852326721,0.5722253478923772,0.2634449718118326
concat,500,frequency,-20_to_-10,-20.0,-10.0,20.570757694743076,0.35902745140322534,0.14167428636471902,76654,0.3007122722924489,605031.3748574257,0.31573632663295426,0.11647735846308281
concat,500,frequency,-10_to_0,-10.0,inf,8.074848750875308,0.14093269730332547,0.02366929271544738,17249,0.17544785214841183,353000.07675743103,0.12738715854566707,0.019546174566905546
concat,500,temporal,<-60,-inf,-60.0,89.86444643196864,1.5684304707199233,0.9984063109121982,4223445,0.02072486026196236,43194.72121806067,1.566145775066264,0.9965520100702568
concat,500,temporal,-60_to_-40,-60.0,-40.0,89.68412797980392,1.5652833200275489,0.9957302083911708,1642115,0.13128604863766485,273626.1764395479,1.5632350120689602,0.9941351123398837
concat,500,temporal,-40_to_-20,-40.0,-20.0,85.96851643929787,1.5004336649206196,0.949149878633401,593352,0.37033321989020224,771847.9154382199,1.4530210371386372,0.9155624376924673
concat,500,temporal,-20_to_-10,-20.0,-10.0,81.93827030781469,1.4300926002604741,0.8988989180639539,74535,0.28411285708716677,592147.5706579685,1.440463631447672,0.9060892179050426
concat,500,temporal,-10_to_0,-10.0,inf,90.75194446435816,1.5839202334900917,1.013584285349476,19025,0.19354301412300376,403382.0461549759,1.5888983621632335,1.0189962251428446
concat,500,unit,<-60,-inf,-60.0,90.0140309778981,1.5710412135564928,1.0002168532658062,4232486,0.020272068461266918,41431.076128491484,1.5715818349952428,1.0006877935050067
concat,500,unit,-60_to_-40,-60.0,-40.0,89.99162811849232,1.5706502098980004,0.9999443675856076,1533195,0.12491723859110748,255299.8295027297,1.5696895018884707,0.9992382111747576
concat,500,unit,-40_to_-20,-40.0,-20.0,89.51710010533395,1.56236813367544,0.994329820182445,565797,0.3654081655864388,746803.5911239237,1.5589606303425012,0.9921132509039632
concat,500,unit,-20_to_-10,-20.0,-10.0,89.34735247633154,1.559405478651894,0.9925329165313335,74243,0.28850725559679014,589637.2189691067,1.5570050919731624,0.9905625071424883
concat,500,unit,-10_to_0,-10.0,inf,88.8470045145195,1.5506727593126313,0.9866195420635409,19279,0.20089527176439667,410580.07051563263,1.5466941258500986,0.9836971595262423
concat,1000,frequency,<-60,-inf,-60.0,43.388402723875394,0.7572704847129018,0.3801768305350081,7705576,0.0195231953980393,87444.07635495233,0.7394452047003959,0.3658252656303086
concat,1000,frequency,-60_to_-40,-60.0,-40.0,39.83151251715838,0.695191039473748,0.33454901946825005,3576343,0.13684434018144326,612923.5858987998,0.6761927643957303,0.32206117230138515
concat,1000,frequency,-40_to_-20,-40.0,-20.0,33.88616244434489,0.5914251055194681,0.27160881411890864,1308421,0.38756101314040636,1735879.5081596076,0.5615580989370096,0.25670808955271207
concat,1000,frequency,-20_to_-10,-20.0,-10.0,20.40918199362617,0.35620742342751704,0.14099556684710599,175033,0.30329451847675926,1358451.2417666912,0.3121888455893434,0.11582673781387394
concat,1000,frequency,-10_to_0,-10.0,inf,8.342417697578757,0.14560265639939388,0.02595801938811551,34627,0.15277693280335178,684285.4105057716,0.13214621908438873,0.02166267541293919
concat,1000,temporal,<-60,-inf,-60.0,89.81352427067733,1.5675417113431585,0.9977479934970547,7688743,0.019588601604957,89812.94646193954,1.5657704957065206,0.9963179572963887
concat,1000,temporal,-60_to_-40,-60.0,-40.0,89.78154075021126,1.5669834936046463,0.9971564639840322,3744351,0.13965462780491197,640310.8227506466,1.5659659424691368,0.9963213518426816
concat,1000,temporal,-40_to_-20,-40.0,-20.0,86.45273975832136,1.5088849561525144,0.9551572785103798,1338065,0.3816526009644666,1749861.7465785593,1.4684977913493447,0.9268124632382316
concat,1000,temporal,-20_to_-10,-20.0,-10.0,81.88346203195836,1.4291360153894397,0.8964761377008494,168678,0.2881494871736003,1321153.7498424053,1.4416826680211547,0.9061513481099982
concat,1000,temporal,-10_to_0,-10.0,inf,89.49529705747597,1.5619875987033485,1.0005213065733545,38406,0.1709546824520642,783820.3079590797,1.5593493312970739,1.0013413346331344
concat,1000,unit,<-60,-inf,-60.0,90.00899070357508,1.5709532441743523,1.0001384471113803,7824084,0.019226645177111437,87383.38168967541,1.5710721970841255,1.0002351744251012
concat,1000,unit,-60_to_-40,-60.0,-40.0,90.07878633724656,1.5721714077854354,1.001061107958735,3523580,0.13254427633945823,602401.8742458932,1.5713704858454383,1.0004554323187747
concat,1000,unit,-40_to_-20,-40.0,-20.0,89.60408928173568,1.5638863812172488,0.9951374745159616,1293334,0.3777525826446188,1716851.682101652,1.5591072362371081,0.9918431111491323
concat,1000,unit,-20_to_-10,-20.0,-10.0,89.28066539492492,1.5582415695128033,0.9912516387243916,169575,0.2924588632756606,1329199.3607168198,1.559640769501529,0.9922135300976028
concat,1000,unit,-10_to_0,-10.0,inf,89.62260511216984,1.5642095434220655,0.9952175615041066,39427,0.17801763256315117,809074.208758831,1.5651435827614015,0.9958401874989298
global_local_affinity,160,frequency,<-60,-inf,-60.0,42.54145518146471,0.742488461506161,0.36913069918460956,1375814,0.021546826290026654,12785.175488858076,0.7270556277918676,0.3563605685923875
global_local_affinity,160,frequency,-60_to_-40,-60.0,-40.0,40.26105617365381,0.7026879905606489,0.33931895485227265,473672,0.13468654543666841,79918.55024110526,0.68878541709197,0.330193908445233
global_local_affinity,160,frequency,-40_to_-20,-40.0,-20.0,35.1187965171061,0.6129386285614185,0.2853099008895949,170885,0.37684492295439925,223607.33813904226,0.6009442138712777,0.2821130751340881
global_local_affinity,160,frequency,-20_to_-10,-20.0,-10.0,27.61826206844801,0.48202960677307727,0.22560206363295074,22590,0.29561475990776587,175408.04068517685,0.44355415290501293,0.20374459656638322
global_local_affinity,160,frequency,-10_to_0,-10.0,inf,14.553793715342053,0.2540116189887772,0.09351205933446519,5039,0.17130694541113992,101647.88679599762,0.23563373770116677,0.08583950705698228
global_local_affinity,160,temporal,<-60,-inf,-60.0,89.8248532783413,1.5677394398278781,0.997850460780081,1452118,0.02169536582423107,13890.259202149839,1.5659060782191345,0.9963784792628617
global_local_affinity,160,temporal,-60_to_-40,-60.0,-40.0,89.61243834609347,1.5640320998797528,0.994762068496527,518976,0.13651713591663867,87403.84553918615,1.5645059655261746,0.9950155056359026
global_local_affinity,160,temporal,-40_to_-20,-40.0,-20.0,86.69761311204235,1.5131588024253464,0.9588008347059694,184105,0.3726525519714948,238587.38226231933,1.4711661723859535,0.9292743076544115
global_local_affinity,160,temporal,-20_to_-10,-20.0,-10.0,83.83044162165005,1.463117219698688,0.9233793396585446,22970,0.28013934419066566,179356.648560524,1.476244358516851,0.9340949045475935
global_local_affinity,160,temporal,-10_to_0,-10.0,inf,93.11711330806567,1.6252002171783748,1.0466004246716158,5817,0.18899560209696983,121002.7027182579,1.6413907382000272,1.0601200673437963
global_local_affinity,160,unit,<-60,-inf,-60.0,90.11621316304556,1.5728246291241983,1.0016103743206222,1392623,0.021169982475621525,12770.980821517303,1.57163576381165,1.0005015318375878
global_local_affinity,160,unit,-60_to_-40,-60.0,-40.0,89.86566550601154,1.5684517475757973,0.9981035964618652,466582,0.13026090697168677,78581.05440779403,1.5691072901800205,0.9986199258480223
global_local_affinity,160,unit,-40_to_-20,-40.0,-20.0,89.43265529377416,1.5608942936774959,0.9928113549390389,169184,0.3679348820840852,221960.00058451295,1.5606382344989254,0.992869605595119
global_local_affinity,160,unit,-20_to_-10,-20.0,-10.0,90.4690640925044,1.5789830396119777,1.0080248203003157,21980,0.28522476403874236,172064.38387727737,1.5797496428721325,1.0090601394262293
global_local_affinity,160,unit,-10_to_0,-10.0,inf,91.44363391826602,1.5959924918621051,1.0200420410589477,5631,0.19540946442986376,117882.50299453735,1.5946533694724383,1.0197149486446528
global_local_affinity,500,frequency,<-60,-inf,-60.0,42.846727457371706,0.7478164678357946,0.37317538867272326,4179486,0.020630091143270943,41507.6255873866,0.7288988665863851,0.35795168970715185
global_local_affinity,500,frequency,-60_to_-40,-60.0,-40.0,40.21183963693034,0.7018289999483956,0.33915466960399654,1554606,0.1290330837737574,259613.8278048262,0.6874252360591793,0.32984407221568735
global_local_affinity,500,frequency,-40_to_-20,-40.0,-20.0,35.25206797463268,0.6152646542941891,0.2874955929637256,572005,0.37417670064211084,752841.3852326721,0.6028411731179857,0.2837263271614952
global_local_affinity,500,frequency,-20_to_-10,-20.0,-10.0,27.53968872767908,0.48065824327236795,0.22365402592557526,76654,0.3007122722924489,605031.3748574257,0.44512120680731215,0.20379252224981442
global_local_affinity,500,frequency,-10_to_0,-10.0,inf,14.157423522040235,0.24709365405889408,0.09169889320891259,17249,0.17544785214841183,353000.07675743103,0.23074975885775278,0.08550261948711875
global_local_affinity,500,temporal,<-60,-inf,-60.0,89.85800273988309,1.5683180070770457,0.9982898649827883,4223445,0.02072486026196236,43194.72121806067,1.5656838064468943,0.9961507355703049
global_local_affinity,500,temporal,-60_to_-40,-60.0,-40.0,89.63147818044901,1.5643644076782912,0.9949857463451496,1642115,0.13128604863766485,273626.1764395479,1.562501508821657,0.9935014913239656
global_local_affinity,500,temporal,-40_to_-20,-40.0,-20.0,86.00350570916886,1.5010443428827374,0.9496094044694978,593352,0.37033321989020224,771847.9154382199,1.454197131358886,0.9164546703140177
global_local_affinity,500,temporal,-20_to_-10,-20.0,-10.0,81.95631482074172,1.4304075364229694,0.8992006375762933,74535,0.28411285708716677,592147.5706579685,1.440586124643139,0.9061282357065737
global_local_affinity,500,temporal,-10_to_0,-10.0,inf,90.85979728923053,1.5858026203916913,1.0147685438574692,19025,0.19354301412300376,403382.0461549759,1.5907174939650182,1.0199875116385517
global_local_affinity,500,unit,<-60,-inf,-60.0,90.02361188527802,1.571208431935601,1.0002941753108925,4232486,0.020272068461266918,41431.076128491484,1.5716149444292744,1.0006349676766924
global_local_affinity,500,unit,-60_to_-40,-60.0,-40.0,89.91857633279389,1.5693752157131016,0.9987347703814027,1533195,0.12491723859110748,255299.8295027297,1.5688404224483021,0.9983780588315133
global_local_affinity,500,unit,-40_to_-20,-40.0,-20.0,89.44698766019287,1.5611444406611046,0.9932946476880262,565797,0.3654081655864388,746803.5911239237,1.5592437117066476,0.9922708395538029
global_local_affinity,500,unit,-20_to_-10,-20.0,-10.0,89.7983422834892,1.5672767356797297,0.9990713845189754,74243,0.28850725559679014,589637.2189691067,1.5682813724990698,0.9997164161476045
global_local_affinity,500,unit,-10_to_0,-10.0,inf,89.76285808552379,1.5666574195928038,0.9971925523791968,19279,0.20089527176439667,410580.07051563263,1.5637642753124805,0.9953344252017838
global_local_affinity,1000,frequency,<-60,-inf,-60.0,43.53374051458506,0.7598071076883599,0.3816113867496051,7705576,0.0195231953980393,87444.07635495233,0.7418004616972637,0.3671749160175691
global_local_affinity,1000,frequency,-60_to_-40,-60.0,-40.0,39.990190819593636,0.6979604983027187,0.3362295876453352,3576343,0.13684434018144326,612923.5858987998,0.6792978698448661,0.3239209515180591
global_local_affinity,1000,frequency,-40_to_-20,-40.0,-20.0,34.940363299835376,0.609824381425118,0.2836273569865814,1308421,0.38756101314040636,1735879.5081596076,0.5991903636004138,0.28181356061352525
global_local_affinity,1000,frequency,-20_to_-10,-20.0,-10.0,27.73807150942235,0.48412067599305336,0.22626595843202182,175033,0.30329451847675926,1358451.2417666912,0.44735927745296306,0.205412077549411
global_local_affinity,1000,frequency,-10_to_0,-10.0,inf,15.53962325337695,0.2712175902909008,0.10454635361985887,34627,0.15277693280335178,684285.4105057716,0.25166490648416107,0.0958477630813406
global_local_affinity,1000,temporal,<-60,-inf,-60.0,89.82067402645534,1.5676664981221982,0.9978358110496582,7688743,0.019588601604957,89812.94646193954,1.5656264490292455,0.9962259199992822
global_local_affinity,1000,temporal,-60_to_-40,-60.0,-40.0,89.7642833434751,1.5666822950367445,0.9969055383501444,3744351,0.13965462780491197,640310.8227506466,1.5657589894514654,0.9961539964291627
global_local_affinity,1000,temporal,-40_to_-20,-40.0,-20.0,86.44596043560604,1.508766634650077,0.9550815735911149,1338065,0.3816526009644666,1749861.7465785593,1.4684372508431665,0.9267922821865199
global_local_affinity,1000,temporal,-20_to_-10,-20.0,-10.0,81.91445479206965,1.4296769410976622,0.8968008394309264,168678,0.2881494871736003,1321153.7498424053,1.4426686745584711,0.9067555888606538
global_local_affinity,1000,temporal,-10_to_0,-10.0,inf,89.62448007207077,1.5642422676456795,1.0021166502948304,38406,0.1709546824520642,783820.3079590797,1.5611799746200443,1.002478340606694
global_local_affinity,1000,unit,<-60,-inf,-60.0,90.01492982220303,1.5710569013490767,1.0001606069453706,7824084,0.019226645177111437,87383.38168967541,1.5707992562355313,0.9999462573648544
global_local_affinity,1000,unit,-60_to_-40,-60.0,-40.0,90.0029817951564,1.5708483689379957,0.9999879880999122,3523580,0.13254427633945823,602401.8742458932,1.5708157762333166,0.9999913436240975
global_local_affinity,1000,unit,-40_to_-20,-40.0,-20.0,89.6779580592114,1.5651756345986227,0.9962261922383888,1293334,0.3777525826446188,1716851.682101652,1.5616054905759864,0.9939424723359459
global_local_affinity,1000,unit,-20_to_-10,-20.0,-10.0,89.52530343923306,1.5625113088616203,0.9949126968189764,169575,0.2924588632756606,1329199.3607168198,1.5617819442304268,0.9942240466531012
global_local_affinity,1000,unit,-10_to_0,-10.0,inf,90.01745544110454,1.571100981714559,1.0001011486467934,39427,0.17801763256315117,809074.208758831,1.5664649585489863,0.9965089180107963
temporal_self_cross_attention,160,frequency,<-60,-inf,-60.0,42.487046890912644,0.7415388576956456,0.368661144342048,1375814,0.021546826290026654,12785.175488858076,0.7285767550948105,0.35732389138315657
temporal_self_cross_attention,160,frequency,-60_to_-40,-60.0,-40.0,40.44544281483333,0.7059061445459248,0.3412787384328427,473672,0.13468654543666841,79918.55024110526,0.6915247649432136,0.331864295092228
temporal_self_cross_attention,160,frequency,-40_to_-20,-40.0,-20.0,35.24060593057554,0.6150646038863834,0.28515573973038605,170885,0.37684492295439925,223607.33813904226,0.610097090614276,0.28468838182723716
temporal_self_cross_attention,160,frequency,-20_to_-10,-20.0,-10.0,31.721588671459138,0.5536461662802957,0.24653167682128863,22590,0.29561475990776587,175408.04068517685,0.5306105998302609,0.23083422429420952
temporal_self_cross_attention,160,frequency,-10_to_0,-10.0,inf,21.993052591678815,0.38385118028906734,0.14497015278214948,5039,0.17130694541113992,101647.88679599762,0.3728171655118923,0.14053290865598234
temporal_self_cross_attention,160,temporal,<-60,-inf,-60.0,89.75093531939169,1.5664493280678533,0.9968760266771114,1452118,0.02169536582423107,13890.259202149839,1.5642293833855303,0.9950697852185276
temporal_self_cross_attention,160,temporal,-60_to_-40,-60.0,-40.0,89.6313534475623,1.5643622306787328,0.9952218684431348,518976,0.13651713591663867,87403.84553918615,1.5648772146078542,0.9955331931784506
temporal_self_cross_attention,160,temporal,-40_to_-20,-40.0,-20.0,86.61953143250281,1.5117960200318943,0.9580091106561727,184105,0.3726525519714948,238587.38226231933,1.471414340706406,0.9298096697590016
temporal_self_cross_attention,160,temporal,-20_to_-10,-20.0,-10.0,83.51703676919898,1.4576472731316898,0.9200123841782264,22970,0.28013934419066566,179356.648560524,1.469949948029534,0.9300779944022872
temporal_self_cross_attention,160,temporal,-10_to_0,-10.0,inf,92.80405329796524,1.6197362892457956,1.0440782854621387,5817,0.18899560209696983,121002.7027182579,1.6340006742968063,1.0562833751700471
temporal_self_cross_attention,160,unit,<-60,-inf,-60.0,89.96026208436982,1.5701027693292702,0.9994737363529113,1392623,0.021169982475621525,12770.980821517303,1.5681391128715407,0.9977630204554369
temporal_self_cross_attention,160,unit,-60_to_-40,-60.0,-40.0,89.99840473906598,1.5707684842391694,1.000102386020682,466582,0.13026090697168677,78581.05440779403,1.569420498887503,0.9991309779144613
temporal_self_cross_attention,160,unit,-40_to_-20,-40.0,-20.0,89.27150863058958,1.5580817538263223,0.991092378760494,169184,0.3679348820840852,221960.00058451295,1.5583188132218224,0.9915376073567514
temporal_self_cross_attention,160,unit,-20_to_-10,-20.0,-10.0,89.4592284264547,1.5613580823353406,0.9924738548065555,21980,0.28522476403874236,172064.38387727737,1.5646300980311871,0.9951575267881071
temporal_self_cross_attention,160,unit,-10_to_0,-10.0,inf,91.12052191978523,1.5903531236359167,1.0149692041140173,5631,0.19540946442986376,117882.50299453735,1.58990508354185,1.0144815722609324
temporal_self_cross_attention,500,frequency,<-60,-inf,-60.0,42.816747574794654,0.7472932201754637,0.37292346875621385,4179486,0.020630091143270943,41507.6255873866,0.7311122573107411,0.3593703800974614
temporal_self_cross_attention,500,frequency,-60_to_-40,-60.0,-40.0,40.3836793684597,0.7048281690493261,0.3409586450731705,1554606,0.1290330837737574,259613.8278048262,0.6897177282312635,0.3312259152410309
temporal_self_cross_attention,500,frequency,-40_to_-20,-40.0,-20.0,35.299320684100095,0.6160893696548838,0.2864569885040023,572005,0.37417670064211084,752841.3852326721,0.6105746739874344,0.2851622250548313
temporal_self_cross_attention,500,frequency,-20_to_-10,-20.0,-10.0,32.39959435650673,0.5654795978316159,0.2556611585026726,76654,0.3007122722924489,605031.3748574257,0.545930833528947,0.2415418629318107
temporal_self_cross_attention,500,frequency,-10_to_0,-10.0,inf,22.72909011011302,0.3966974584039527,0.15269968247605764,17249,0.17544785214841183,353000.07675743103,0.3790171739122382,0.14480993374812812
temporal_self_cross_attention,500,temporal,<-60,-inf,-60.0,89.85317273126903,1.5682337075238304,0.9982524587120706,4223445,0.02072486026196236,43194.72121806067,1.5658716248244675,0.9963607636438028
temporal_self_cross_attention,500,temporal,-60_to_-40,-60.0,-40.0,89.64066536277564,1.564524754258872,0.995118621405834,1642115,0.13128604863766485,273626.1764395479,1.5626092956237057,0.9935887423165957
temporal_self_cross_attention,500,temporal,-40_to_-20,-40.0,-20.0,85.94622005026076,1.5000445195206165,0.9487714158764444,593352,0.37033321989020224,771847.9154382199,1.4525888885835867,0.915040402458554
temporal_self_cross_attention,500,temporal,-20_to_-10,-20.0,-10.0,82.0294914744075,1.4316847099650287,0.8999379380724756,74535,0.28411285708716677,592147.5706579685,1.44108203134013,0.9064717605847401
temporal_self_cross_attention,500,temporal,-10_to_0,-10.0,inf,90.65091786462304,1.5821569866926193,1.0125694210175302,19025,0.19354301412300376,403382.0461549759,1.587389123593744,1.0181917021774083
temporal_self_cross_attention,500,unit,<-60,-inf,-60.0,90.05743493763683,1.571798755562337,1.0008524984064104,4232486,0.020272068461266918,41431.076128491484,1.5720616667597969,1.0011019409014152
temporal_self_cross_attention,500,unit,-60_to_-40,-60.0,-40.0,90.00501512584583,1.570883857253308,1.0001415909641516,1533195,0.12491723859110748,255299.8295027297,1.5710196324166175,1.0002441382299383
temporal_self_cross_attention,500,unit,-40_to_-20,-40.0,-20.0,89.68579638486258,1.5653124391890796,0.9962587361285845,565797,0.3654081655864388,746803.5911239237,1.5596593589682597,0.9923550200091741
temporal_self_cross_attention,500,unit,-20_to_-10,-20.0,-10.0,89.51442317404002,1.5623214124105114,0.9950134111883318,74243,0.28850725559679014,589637.2189691067,1.5657183585686463,0.9976983100861885
temporal_self_cross_attention,500,unit,-10_to_0,-10.0,inf,89.08093203644033,1.5547555647811813,0.9884572273017003,19279,0.20089527176439667,410580.07051563263,1.5546426075181918,0.9884819334539812
temporal_self_cross_attention,1000,frequency,<-60,-inf,-60.0,43.51005796259077,0.7593937691807848,0.38142815606884023,7705576,0.0195231953980393,87444.07635495233,0.7436260879962711,0.36835562148289797
temporal_self_cross_attention,1000,frequency,-60_to_-40,-60.0,-40.0,40.139054500866955,0.7005586596775775,0.33778832608739395,3576343,0.13684434018144326,612923.5858987998,0.6808669888852967,0.32481036382079725
temporal_self_cross_attention,1000,frequency,-40_to_-20,-40.0,-20.0,35.01890178255097,0.6111951365380258,0.28279316818824446,1308421,0.38756101314040636,1735879.5081596076,0.6094488898504681,0.28417425382634826
temporal_self_cross_attention,1000,frequency,-20_to_-10,-20.0,-10.0,32.01885822772256,0.5588344988030349,0.2513852755092919,175033,0.30329451847675926,1358451.2417666912,0.5347724992064563,0.23512033026249798
temporal_self_cross_attention,1000,frequency,-10_to_0,-10.0,inf,22.997304140197176,0.40137867632896435,0.15670112032307407,34627,0.15277693280335178,684285.4105057716,0.3805606430183913,0.14665968346264813
temporal_self_cross_attention,1000,temporal,<-60,-inf,-60.0,89.79373111800469,1.5671962556596706,0.9974678530138491,7688743,0.019588601604957,89812.94646193954,1.565453593337869,0.9960708099889849
temporal_self_cross_attention,1000,temporal,-60_to_-40,-60.0,-40.0,89.76179228717376,1.5666388179024338,0.9968855731852065,3744351,0.13965462780491197,640310.8227506466,1.5658083047770563,0.9962094163285234
temporal_self_cross_attention,1000,temporal,-40_to_-20,-40.0,-20.0,86.44031134715995,1.5086680394569563,0.9549845817626182,1338065,0.3816526009644666,1749861.7465785593,1.4685498778897945,0.9268405111467816
temporal_self_cross_attention,1000,temporal,-20_to_-10,-20.0,-10.0,82.08520904134201,1.4326571649592363,0.8988762832939965,168678,0.2881494871736003,1321153.7498424053,1.444491429428641,0.9080312220829583
temporal_self_cross_attention,1000,temporal,-10_to_0,-10.0,inf,89.6281962693476,1.564307127523814,1.0019566236247262,38406,0.1709546824520642,783820.3079590797,1.561014563247382,1.0021929806802774
temporal_self_cross_attention,1000,unit,<-60,-inf,-60.0,90.00607294550159,1.5709023196891934,1.0000896393654788,7824084,0.019226645177111437,87383.38168967541,1.5710987296800547,1.0001685831194587
temporal_self_cross_attention,1000,unit,-60_to_-40,-60.0,-40.0,89.9573324604231,1.5700516377455547,0.9995012088197196,3523580,0.13254427633945823,602401.8742458932,1.5690889802097516,0.9987161721344567
temporal_self_cross_attention,1000,unit,-40_to_-20,-40.0,-20.0,89.64595516417734,1.5646170787101086,0.995811791608167,1293334,0.3777525826446188,1716851.682101652,1.5606809868611589,0.993214625456859
temporal_self_cross_attention,1000,unit,-20_to_-10,-20.0,-10.0,89.22904668370822,1.5573406530464355,0.9906655816565779,169575,0.2924588632756606,1329199.3607168198,1.558116631265543,0.9911528255826926
temporal_self_cross_attention,1000,unit,-10_to_0,-10.0,inf,89.35582463916505,1.5595533457881041,0.9910186747776932,39427,0.17801763256315117,809074.208758831,1.5579455814135033,0.9894765816358864
