dataset,gap_ms,offset_ms,shift_frames,pesq_mean,pesq_std,pesq_ci95,stoi_mean,stoi_std,stoi_ci95,num_pesq,num_stoi,delta_pesq_av_minus_audio_mean,delta_pesq_av_minus_audio_std,delta_pesq_av_minus_audio_ci95,delta_num_pesq,delta_stoi_av_minus_audio_mean,delta_stoi_av_minus_audio_std,delta_stoi_av_minus_audio_ci95,delta_num_stoi
lrs2,160,-320,-8,3.6671554830317907,0.8886714347287059,0.04947114308456993,0.9714875041861277,0.04397378420533231,0.0024479614010054387,1243,1243,-0.025773493110030674,0.25486317881305465,0.014187890252034542,1243,-0.0019970182794812204,0.01897055477207769,0.0010560652597206871,1243
lrs2,160,-160,-4,3.640033578930223,0.913724546325341,0.050865816098774774,0.9709644000817427,0.04253752304326111,0.0023680066745689725,1243,1243,-0.05289539721159808,0.2842595926109842,0.01582434905597321,1243,-0.002520122383866452,0.015030978505942576,0.0008367543495933195,1243
lrs2,160,-80,-2,3.674793936030479,0.8817021450455521,0.04908317210492617,0.9734614586426938,0.04001801546353542,0.0022277490775445804,1243,1243,-0.018135040111342267,0.2659724808018096,0.014806330146440706,1243,-2.306382291530051e-05,0.012658277508265686,0.0007046692774667362,1243
lrs2,160,-40,-1,3.766910079114397,0.8074037277593916,0.0449470791814006,0.9790886879373379,0.031366422526267354,0.0017461265392442412,1243,1243,0.07398110297257537,0.2918672849975212,0.016247859055158298,1243,0.00560416547172891,0.01533976243207218,0.000853943935299353,1243
lrs2,160,0,0,3.835108902218451,0.7579937913901286,0.04219649450364561,0.9816863722729191,0.028031781866856505,0.0015604915804164035,1243,1243,0.14217992607662971,0.30232513930632826,0.016830033733729485,1243,0.008201849807310006,0.01711152888159607,0.0009525757896737372,1243
lrs2,160,40,1,3.7776355220728695,0.8035824097558023,0.0447343515496354,0.9792106969185046,0.03193443112534791,0.0017777468137126769,1243,1243,0.0847065459310481,0.2742953422896225,0.015269652647250408,1243,0.005726174452895494,0.014582028855992775,0.0008117619266319418,1243
lrs2,160,80,2,3.680860296143511,0.8837932204884305,0.04919957946133777,0.9723401908982339,0.0421513174011439,0.00234650712610303,1243,1243,-0.012068679998310362,0.2586971400392586,0.014401321714991524,1243,-0.0011443315673752867,0.013990222184900026,0.0007788168455143403,1243
lrs2,160,160,4,3.6357798665546164,0.9090129434602261,0.05060352750662606,0.9713032962321506,0.042804049785479914,0.0023828438597027516,1243,1243,-0.0571491095872052,0.26823397940995275,0.014932224731162175,1243,-0.0021812262334585716,0.01697081748584116,0.0009447425755959766,1243
lrs2,160,320,8,3.631049078985845,0.904409719161814,0.050347272203464855,0.971661955245939,0.043060761988894525,0.0023971346826665353,1243,1243,-0.06187989715597655,0.2979863968516322,0.016588501778953765,1243,-0.0018225672196699907,0.01624425631686793,0.0009042958928904163,1243
lrs2,500,-320,-8,2.8908148186876232,1.387693636291734,0.07725103762280067,0.8635886973324901,0.1654808965879255,0.009212098862346545,1243,1243,-0.06825952230685196,0.19311853532345896,0.010750649024952623,1243,-0.022545285523192654,0.049937673547797864,0.0027799630964258893,1243
lrs2,500,-160,-4,2.909171000566582,1.3717131413030212,0.07636142496816392,0.8573813762734608,0.17848584708324247,0.009936066958561971,1243,1243,-0.04990334042789278,0.18464145850185945,0.01027874156400417,1243,-0.028752606582221986,0.05768969138161713,0.0032115074990746433,1243
lrs2,500,-80,-2,2.975953341585345,1.3139032048630381,0.07314322358847698,0.8777617246139712,0.15749095703015517,0.008767309677443588,1243,1243,0.016879000590869907,0.21333518946297939,0.011876082959861088,1243,-0.008372258241711611,0.04487810414971871,0.002498303675567946,1243
lrs2,500,-40,-1,3.057009191543751,1.25559806232474,0.06989745475158514,0.9171148432861888,0.10615848242855075,0.005909699883024713,1243,1243,0.09793485054927589,0.23887672453071365,0.01329794585153959,1243,0.03098086043050594,0.05189005499183774,0.0028886495445316985,1243
lrs2,500,0,0,3.16137125898731,1.2150937777718778,0.0676426357281015,0.9305338565342964,0.08807604863939865,0.004903075123477336,1243,1243,0.20229691799283508,0.293696844888582,0.01634970819266331,1243,0.044399873678613595,0.06321549033640575,0.0035191212920535624,1243
lrs2,500,40,1,3.083821820234543,1.250377357136116,0.06960682511807202,0.9163192053555528,0.10879102974446417,0.006056250250070337,1243,1243,0.12474747924006763,0.248464365100658,0.013831676902120667,1243,0.030185222499870035,0.05188748634920222,0.0028885065516522277,1243
lrs2,500,80,2,2.9741712891086878,1.32381177967669,0.07369482061659567,0.8735382567431824,0.16152991072987732,0.008992152795588716,1243,1243,0.01509694811421254,0.19895424715311055,0.011075515250694588,1243,-0.012595726112500377,0.048712274097117404,0.0027117467577530106,1243
lrs2,500,160,4,2.892606865851417,1.3686476891507493,0.07619077537134161,0.8546431044414736,0.1804024863383154,0.010042763687098276,1243,1243,-0.0664674751430582,0.19205488311066693,0.010691436937385843,1243,-0.03149087841420901,0.05907762645014048,0.0032887719769049374,1243
lrs2,500,320,8,2.869464885488404,1.3671612137966804,0.07610802528839868,0.8663830796983704,0.16612565124129014,0.00924799148639694,1243,1243,-0.08960945550607081,0.22486997885334506,0.0125182091654315,1243,-0.019750903157312344,0.04791717610900591,0.0026674847225407216,1243
lrs2,1000,-320,-8,2.1856991959884104,1.3604808612759225,0.07573613905182726,0.7050032752047631,0.2722441922909291,0.015155467886597834,1243,1243,-0.04300131187837927,0.17943444473528175,0.009988874113534888,1243,-0.04862492801553186,0.07663280011075457,0.004266044874512861,1243
lrs2,1000,-160,-4,2.21817490715033,1.342905072487988,0.07475771853781858,0.685224418251227,0.2931119355039726,0.016317147074204095,1243,1243,-0.010525600716459685,0.17631769444113707,0.009815368818174993,1243,-0.06840378496906785,0.0916098094802585,0.00509979483489486,1243
lrs2,1000,-80,-2,2.2731323493457283,1.3123956593285817,0.07305930055694129,0.7296971879656998,0.25973869025167423,0.014459303413935084,1243,1243,0.04443184147893855,0.19081494137869773,0.010622411049479918,1243,-0.02393101525459521,0.06961063723414733,0.0038751305153292043,1243
lrs2,1000,-40,-1,2.3291631442159773,1.2914195345650334,0.07189158791424329,0.8179857980379637,0.1816248547146176,0.010110811289938754,1243,1243,0.10046263634918777,0.20404126541823375,0.011358702713049059,1243,0.06435759481766873,0.07745595925454597,0.004311869036506217,1243
lrs2,1000,0,0,2.4358087867282614,1.284645945476194,0.0715145113233744,0.8510401921847579,0.1465653565170024,0.008159096197018129,1243,1243,0.20710827886147165,0.26793152010339766,0.014915387228518227,1243,0.09741198896446285,0.09833734151541268,0.005474307491553779,1243
lrs2,1000,40,1,2.3444930698635686,1.2943993442563566,0.07205746991049453,0.8170893233881167,0.18464371815983985,0.010278867356123624,1243,1243,0.11579256199677913,0.20091045464785892,0.011184414689895476,1243,0.06346112016782161,0.08273527357033449,0.0046057613612713565,1243
lrs2,1000,80,2,2.266337102589258,1.314182333051255,0.07315876227915452,0.7187210929228552,0.27139686491638115,0.015108298311716048,1243,1243,0.03763659472246853,0.18969864811027656,0.010560268505173581,1243,-0.03490711029743975,0.08121944797964338,0.004521377390145713,1243
lrs2,1000,160,4,2.195086713002175,1.3316582257502818,0.07413162171230157,0.6756201615321742,0.299982313210057,0.016699611757168168,1243,1243,-0.033613794864614646,0.17856079214818746,0.009940239049490615,1243,-0.07800804168812066,0.09550271000049164,0.005316507369048996,1243
lrs2,1000,320,8,2.14306432301252,1.3235545462323532,0.07368050077685108,0.7062603626467976,0.27391514375478637,0.015248487506364379,1243,1243,-0.0856361848542696,0.230923065947082,0.012855176379651728,1243,-0.047367840573497376,0.07850760197747526,0.00437041257193083,1243
